5U4Y,PDN11,PDN12,PDN13,PDN14,PDN15,PDN16,PDN17,PDN18,PDN19,PDN20,PDN21,PDN22,PDN23,PDN24
-4.19011,-13.27405033,-14.73737,-99.01809986,-109.6781077,-3.52705,-21.23785372,-3.51056,-98.42990002,-1.34613,-116.8649983,-1.7876342,-102.5944307,-107.7715996,-1.212013927
-5.47556,-8.717009952,-5.579,-88.94139333,-111.1232946,-3.20445,-27.85794824,-0.3562,-104.3133855,0.65016,-111.6631052,-11.7991454,-113.2528474,-111.4077899,-118.0727993
-112.97345,-9.274842046,-5.49078,-102.9792383,-106.8738077,10.86663,-22.39724031,-2.92643,-117.8056346,-85.35956,-108.8908128,-95.52559178,-107.6380942,-111.9408388,-102.1727561
-112.61733,1.026664277,-86.99919,1.812783094,-109.5293636,-93.88775,-21.51893441,3.04258,-112.3491915,-2.58218,-108.4571107,-100.7418199,-115.8027612,-102.8365161,-117.2155645
-127.2718,-0.565453432,-86.44867,-0.769895968,-117.4718058,-88.13845,-15.65071791,0.10883,-112.2870676,1.12319,-116.175752,-104.2443543,-102.7623712,-0.330772581,-111.2075427
-100.96373,-1.366684167,-92.96412,0.992929521,-113.2573203,-103.84035,-19.62629026,-4.09469,-113.4610788,-11.71917,-121.5141637,-89.07259171,-92.50384573,-1.100138492,-93.73717514
-104.01651,-5.773787819,-82.58183,0.326451967,-107.5411897,-109.5343,-16.24239663,-2.43621,-111.9920957,-3.7248,-121.0370714,-93.96496814,-99.24709013,-2.674384557,-115.4503562
-93.52825,-90.19697083,-101.92369,-2.412453114,-111.8449268,-108.13143,-18.17630565,-5.37706,-105.231728,-3.5982,-112.8167294,-109.1205233,-108.1798752,-1.940197491,-123.4696573
-107.79075,-0.841501419,-93.26096,3.48179266,-97.19807344,-106.1871,-14.97699449,-5.88889,-110.6421008,-7.50794,-116.3428889,-107.6454922,-97.20900305,-0.442977393,-112.8543073
0.32908,3.535252564,-106.45103,-99.48410695,1.822611023,-104.66609,-25.17730535,-4.80034,-113.6639196,-6.34242,-105.6853941,-92.31103522,-95.20624669,-2.373518607,-128.8132427
-9.43591,-94.98592853,-0.11891,-94.88708298,-5.417754604,-99.70204,-18.93599027,-0.2263,-113.2020983,12.73315,-103.4044772,-100.694384,-108.263911,-99.47078448,-128.4610619
-7.0796,-82.2174608,-6.47231,-84.09036617,-1.312816286,-103.77476,-22.30906454,-7.15034,-107.6453771,-2.41952,-103.9446052,-4.327666396,-95.59371206,-107.8869742,-116.8061549
2.64519,-85.67883182,-10.57709,-88.23941143,-5.317193236,-116.94178,-16.54501297,-3.0659,-102.1680157,-10.37851,-100.8338531,-89.01935226,-4.517681867,-104.480434,-118.9085141
1.12958,-84.23124192,-87.7515,-88.01816013,-1.348681576,-112.07976,-21.59726956,-87.77177,-108.9106688,-0.53894,-117.432719,-103.9525482,-0.225709345,-113.6273464,-110.4218014
1.37392,-101.2372052,-89.47438,-93.82682816,1.652286077,-105.59004,-18.05197641,-94.04327,-108.3187675,-3.66914,-104.759797,-95.02888896,-6.268212607,-93.49161857,-116.0199009
-111.64926,-88.62939931,-94.54946,-93.17703295,-4.413885314,-92.0647,-98.5104115,-91.71523,-107.1633304,0.45073,-103.415438,-6.872857401,-8.076166113,-111.1781131,-106.5351041
-112.39746,-101.5679585,-5.6478,-95.79553129,-2.2506443,-98.1613,0.645223641,-88.13502,-106.8579413,-1.64685,-103.5466272,-7.801938577,-1.126248628,-103.9483665,-111.2369515
-112.07319,-101.3965328,-4.34683,-92.05668261,-1.187627125,-94.89849,-1.427369711,-87.90912,-107.3450475,-3.41461,0.833739375,-4.867343694,-6.585103453,-112.0759877,-102.4757313
-107.8252,-112.3019186,-1.1986,-100.5778578,1.822033571,2.84197,-13.65493248,-101.18447,-101.8872241,-6.45521,-2.012615764,-6.62940527,3.230654034,-108.3420172,-112.0603598
-5.20467,-98.65436051,-6.16853,-97.57055462,4.110501899,1.06023,-100.9040537,-85.07973,-109.7953112,-0.50509,-3.681137441,-9.347486557,-98.62127305,-7.551868282,-0.622025285
-3.18372,-95.70659733,-93.50347,-97.09985064,-0.518670592,-5.92586,-104.1347825,-100.95738,-98.04683883,-2.17343,-6.382689561,-7.578589824,-86.9584246,-9.412762611,-0.495338529
0.68874,-111.5016563,-1.30131,-97.43768102,1.958984776,6.16088,-99.19142092,-91.13767,-90.21947615,-2.81374,-9.180062933,-4.319464222,-104.6844378,-3.084972762,-0.101478422
0.55217,-116.9188627,-9.14848,-92.38797885,0.659477077,-7.4409,-99.10293322,-81.9661,-105.7747724,-0.25787,-93.52204707,-5.438272255,-97.43643807,-4.165187027,1.537612641
-112.35324,-111.3903893,-14.71309,-96.7402605,-0.931333956,-7.13933,-117.6678354,-101.28582,-109.5564637,-3.35578,-100.3723471,-96.56936792,-103.7487424,-99.47156301,-0.580619365
-0.28872,-97.32419605,1.17776,-102.5103864,4.510469781,-106.03651,-89.85889393,-91.76928,-103.3343419,1.02179,-99.45662789,-93.86791497,-104.3174299,-106.0829186,-0.360794762
1.75467,-87.90127948,-105.03796,-105.197234,5.137155183,-103.67326,-87.38109037,-98.51368,-90.90587623,-3.47659,-3.359537878,-93.43678792,-106.3390806,-121.2920215,-99.97692645
-114.71522,-99.88425363,-91.5992,-104.8613398,2.887384153,-107.70395,-105.5491754,-86.14011,-104.5556909,1.03623,-9.667096563,-87.00034192,-100.887978,-105.7600495,-103.3248274
-110.23393,-105.4090519,-97.18817,-102.8619509,0.986041408,-101.34317,-113.6135433,-95.97231,-98.86555508,-1.52763,-9.877271746,-86.50969866,-95.09739442,-104.8483829,-112.0484092
-100.16436,-101.8432004,-89.22352,-96.9088708,-84.40661221,-95.16222,-102.8526464,-4.35302,-105.4827942,4.04481,2.998525517,-89.17011589,-109.1381319,-101.930866,-109.7812233
-100.24664,-93.49774696,-93.18483,-101.7392866,-104.1017945,-92.13233,-123.3979463,-89.75462,-116.8172133,1.20408,-4.267393459,-78.38827462,-95.15290337,-104.4272685,-112.0236298
0.759,-105.9898856,-88.45822,-90.5209345,-89.88361754,-104.36198,-102.4029418,-84.3411,-5.43378446,0.8102,-110.105696,-89.65961268,-99.6085457,-107.6941984,-109.4052359
0.3579,-101.7383577,-97.4389,-94.13324991,-91.06949844,-88.60022,-103.8244117,-96.11644,-100.8376641,3.18533,-96.99151483,-95.39012848,-101.302649,-111.6074761,-106.8814694
1.33586,-97.01223494,-94.78805,-76.2761111,-111.8798634,-77.9084,-98.2168146,-93.64161,-112.3933959,-2.80467,-93.98965967,-91.33830101,-106.0379905,-113.2334173,-122.0030309
-1.26915,-89.28103454,-102.90131,-91.00664288,-104.1068981,-84.03103,-104.4448561,-95.73429,-101.8138216,-0.01046,-97.85548433,-2.295163551,-96.85543791,-96.13719427,-95.15801607
-107.70095,0.645247985,-10.17639,-89.16619974,-84.30037082,-86.07663,3.198394695,-99.94929,-101.8737653,1.14008,-106.6241747,-98.89656113,-115.2130355,-2.964807408,-98.0116441
-106.58487,1.956568494,3.62971,-100.3164029,-105.2657236,-84.21905,1.616991704,-107.30118,-112.767764,-2.85553,-98.30982574,-83.92677786,-108.5844973,-5.147009788,-99.10138007
-102.93611,-3.049255392,-9.28196,-99.7524571,-97.19018718,-88.53896,-96.06314457,-93.75519,-111.2619075,-1.67805,-3.819227225,-89.54213569,-106.7224167,0.434745386,-1.077057434
-107.27125,-1.721457662,-6.03882,-90.19392025,-110.3154767,-85.77984,-109.923078,-89.56119,-111.0054602,1.33055,-7.857283414,-102.8065469,-111.1405865,-3.151526348,1.793434366
-108.73907,2.399087385,-86.48525,-94.03498502,-87.23779276,-2.58745,2.171773633,-82.05928,-111.9427935,-105.54965,-11.72113399,3.067580143,-104.4880058,-5.584939516,-1.444969075
-115.29704,0.210424814,-89.66097,-89.45967427,-83.37055818,-4.7493,0.128136608,-95.83229,-111.7000225,-99.0283,-102.8748207,-8.365358961,-100.9057557,-6.67793528,0.558548776
-0.4806,1.077812444,-93.51162,-92.72059297,-104.4526801,-91.62225,-116.2791727,-91.42168,-101.235074,-101.24964,-118.4527222,-101.1937416,-105.9157819,-3.288545594,-92.8479941
2.52353,-0.525074721,-91.97221,-91.54026342,-100.5900807,-75.0301,-108.3653366,-89.40685,-101.7596987,-0.24953,-118.8534907,-99.64431343,-107.1930771,-104.798911,-1.362028062
0.69981,-3.991574262,-90.96652,-91.04346272,6.413585683,-85.4435,-107.8664515,-80.2874,-112.2709087,1.91714,-98.37188914,-99.11047769,-95.21800255,-106.3113547,-3.424262311
2.76179,-0.615216435,-100.37621,-91.65128931,-4.228469982,-88.17298,-110.6282373,-89.79135,-102.7679243,-2.5601,-117.8989747,-92.15487382,-109.4546718,-105.866275,-3.190351867
-103.04017,-6.155241077,-99.02246,-88.27071826,0.782650574,-72.37474,-105.6669314,-2.61728,-95.54544785,-1.69833,-109.3177374,-94.55026565,-109.4159636,-109.122797,-3.441150475
-105.65066,-0.867254809,-91.56096,-93.33236277,2.306759856,-88.07463,-96.93496029,3.39614,-101.3720488,-0.06849,-98.22280071,-91.05889568,-105.7291281,-97.35468388,-1.461431438
-108.41228,2.339372687,-94.56678,-94.80193127,-4.000818563,-92.80902,-104.8999406,0.38558,-108.9525692,-1.73344,-113.40716,-93.25877909,-100.3996466,-96.27500182,-1.802498179
5.47805,-3.89464795,-96.34599,-77.35820326,-1.002638936,-80.23374,-102.8909768,-2.84658,-113.2114542,-4.7169,-124.5652949,-8.852001793,-97.73629029,-91.36658896,-2.339858537
1.79452,-6.18669081,-96.7592,-84.72579072,1.802530052,-87.84579,-112.0325236,-6.68339,-4.757093497,-1.18992,-116.5133884,-1.366055208,-99.65948426,-3.273219782,-3.54913393
-0.75845,-4.784765445,-5.59011,-88.83873885,7.14721143,-93.20185,-92.51353291,-1.97876,-8.390512744,-107.99447,-123.1030764,-4.615971697,-87.41317779,-5.74864878,-2.945398722
-0.11129,-3.997581126,-89.46959,-85.57879489,0.798726175,-93.28254,-96.40832391,-3.96309,-109.1537532,-99.85575,-115.2947317,-8.127186188,-115.4246618,-6.646864477,1.656029856
-0.83216,2.505544651,-89.63863,-87.60471154,2.813978014,-94.73061,-93.23125466,-101.3775,-103.6536719,-105.78353,-129.736032,-3.162734711,-109.4845191,-8.271842568,-1.292145623
0.94723,-100.5958914,-11.99605,-85.18298033,4.833391963,8.76273,-101.2834956,-95.35425,-112.0146467,-101.64956,-3.749820736,-5.225158725,-104.6793296,-109.5043395,-6.150701485
2.0438,-95.63494085,-10.6372,-86.90632991,-0.811537435,0.88762,-115.1270004,-102.03975,-111.9539259,-92.98656,-4.67947764,5.759719856,-105.8894666,-113.1019895,0.252362342
-2.47589,-109.1565843,-6.97694,-88.58407179,-114.1952394,-86.40393,-108.4584012,-85.33173,-109.8185506,-98.91511,-9.867643113,-9.497737319,-108.1560397,-116.5498147,-8.089587525
-108.29127,-1.159542952,-3.72937,-99.12804366,-111.3837317,-99.21038,-115.7905592,-98.74316,-98.16274972,-106.31024,-3.514943049,1.198706582,-104.0670443,-99.77241248,-12.04801619
-106.91105,-0.996004797,-0.11443,-91.74578652,-107.4450412,-92.33646,-18.90508605,-81.12016,-110.7962259,-95.6023,-0.652901207,-0.087512994,-109.5404413,-100.6995031,-9.102294984
-103.08953,-88.16987927,3.02894,4.027639319,-92.61778296,-86.19097,-19.6222027,-92.79904,-107.4063891,-94.28626,-5.991725372,0.881630187,-108.9851894,-102.7391718,-0.232143185
-104.22046,-104.9877652,-1.42338,2.107278762,-102.9025907,-92.51813,1.481685909,-92.91741,-123.8521664,-92.76273,-104.8901674,-0.849977147,-110.7701719,-98.68935133,-6.476501463
-95.32172,-105.5059523,-89.7765,4.249574679,-101.6279435,-89.11412,-15.93312966,-103.76684,-111.8346373,-96.09678,-112.5603504,-96.14213203,-104.1513236,-91.04602973,-7.175400043
-115.50324,-108.1311018,-3.27118,-0.592689054,-107.9241241,-5.84627,-20.16667592,-95.57305,-111.1435168,-96.79559,-105.0511084,-89.55253886,-113.195408,-107.4526812,-3.83366295
-104.42242,-90.03793576,-84.99062,1.93658113,-103.9511787,0.42119,-15.78683153,-98.2846,-123.7172079,-98.58561,-114.5603461,-89.60143531,-104.8097664,-107.4534599,-7.470222044
1.17489,-99.96182403,-88.35914,0.366615333,-101.6376453,1.27226,-15.47474768,-5.72015,-120.0895877,-98.34393,-103.7254441,-90.35830432,-118.812718,-1.222435182,-7.389164745
2.11886,-91.10480468,-84.60238,-1.910719895,-90.39219692,-6.14772,-19.76918575,0.34825,-11.5284523,-89.5936,-101.6679034,-95.06791468,-98.18845169,-2.895065902,1.599818662
0.42472,-102.1494181,-84.23733,-3.429774487,-91.29977437,-1.59541,-13.49737026,-2.90308,-116.7033134,-94.18436,-101.2343542,-96.69639252,-110.5833753,-8.380021397,-1.689420056
-0.85487,-102.5244458,-90.97873,-0.498175821,-99.33520531,-7.49545,-19.06240271,-4.60008,-98.9765549,-90.61467,-99.02970413,-92.40840974,-96.53657811,-7.216633783,-13.78681897
-0.55407,-99.98077542,-94.83236,-90.54326245,-105.0344077,-1.06835,-18.7235122,-8.24326,-114.8821794,-103.46815,-108.5043233,-93.52057721,-90.47416819,-3.704111631,-2.441322351
-102.51783,-88.3030101,-95.14257,-91.79040837,-96.79230533,1.67555,-12.53515129,-7.88627,-113.663195,-97.48031,-105.1756429,-90.61239362,-98.91954627,-95.12753964,-1.450759125
-105.70405,-95.92588466,-89.76605,-1.514554036,-98.01882858,0.6433,-16.2341575,-5.50037,-114.1493991,-95.36382,-116.4211332,-98.26588006,-108.0842406,-105.1843738,-9.870045839
-110.58338,-101.6469504,-96.56287,-86.48887726,-103.5755681,-2.97769,-102.6459493,-6.77945,-124.6607806,-103.63401,-108.3941224,-94.89622626,-4.735784854,-107.2791434,-2.338968115
-1.94702,-95.85287521,-4.49748,-93.17306724,-107.2266087,-1.94733,-106.9940413,-10.28201,-115.5935167,-7.27692,-116.827411,-84.57214069,-4.230240744,-99.84972601,-1.998119292
-111.32574,-92.65771021,-11.41094,-100.6489802,-103.9732284,-3.39043,-96.22766264,-7.4851,-113.4862082,-2.525,-106.6725701,-82.8688558,-3.057737243,-2.188560663,2.021389386
-112.18876,-3.229744207,-14.06286,-86.47325764,-105.9138849,-82.93882,-103.9861667,-107.28856,-118.0272328,-0.68005,-102.1531716,-101.4119609,0.569086589,0.981154062,2.458611233
-112.44275,-5.021482698,-14.65075,-97.26118587,-99.45884695,-85.21783,-92.30078506,-90.97132,-119.6573384,1.50659,-109.3182139,2.199990669,-0.277236207,2.850034336,-1.104357378
-4.2653,-90.72774581,-9.68485,-79.94128666,-103.2486638,-92.67855,-87.25170933,-4.25104,-110.6490268,-5.09425,-111.1009694,-0.871302806,0.975380956,-111.8674578,-3.443894493
3.2378,-100.3205388,-8.39559,-98.25754239,-108.6670269,-93.68094,-108.4911379,-0.74717,-8.062347568,-0.99364,-106.7310141,-9.231560046,-107.0581633,-112.3625318,-4.015850415
-3.55026,-98.84010541,-12.95842,-87.37452091,-105.0214848,-80.06325,-99.15138237,-2.18564,-4.789570577,-0.59982,-106.5042219,-3.537140741,-112.6968585,-104.6915491,-3.827451016
0.47059,-100.9730063,-5.17645,-89.45950821,-101.675076,-90.37768,-105.7732552,0.68025,-15.27405026,-4.79248,-106.2734679,-4.124214348,0.377331936,-0.376806653,-98.83717923
-0.11122,-93.86650281,-7.93325,-86.40394014,-112.0543647,-90.57976,-104.9101226,0.59368,-109.8053731,-1.60369,0.591722294,-0.660737768,1.843219863,-0.486476758,-101.0422675
-4.35847,-107.6954383,-2.2889,-91.09253813,-100.2974668,-93.55093,4.910818076,-5.05579,-105.2954829,-1.27376,4.100020158,2.016942448,0.08782793,-4.95922376,-102.1872774
-110.67732,-99.72688773,-0.51803,-88.0763419,-116.9598878,-95.60746,5.779038752,-107.16767,-104.2150395,-3.87078,11.56208823,-2.629934018,-113.2733965,-5.039642361,-97.23509264
-120.30768,-104.6531322,-0.5657,-104.2665014,-110.4870966,-93.06397,2.60403206,-102.74309,-96.73159615,-5.23404,1.286459939,-4.824466506,-114.8781083,0.505576294,-102.2932506
-97.90329,-111.2647037,-96.77666,-5.388490717,-107.7176911,-91.50102,2.304337528,-99.82213,-100.5409592,-102.59899,-8.510159412,-92.96584814,-108.4537724,-105.9708398,-111.6996099
-90.07556,-95.71347277,-94.59563,-1.595842747,-101.7327367,-84.51142,-105.9685014,-91.70414,-107.2990525,-87.20672,-5.980274159,-1.142080976,-112.9247465,-104.7095976,-101.9330069
-95.16437,-101.0356729,-97.97112,2.653081313,-0.946451632,-1.88866,-110.7067706,-2.96517,-111.9264113,-90.49357,-5.326154521,-0.724174619,-104.2620269,-102.9775668,-101.3145085
-112.85206,-98.29772844,-91.16122,2.530004626,-4.339419046,-6.35026,-103.2460736,-3.44882,-106.484599,-90.06216,-4.21393186,-88.80530822,-114.3364574,-114.9193946,-117.6460069
-104.02561,-101.0324394,-88.37959,1.289464167,4.294924071,-1.68244,2.141975108,-1.33868,-113.7204442,-93.75783,-6.392247383,-85.43030826,-119.534445,-108.7109421,-4.176411115
-113.65855,-81.64964254,-3.20817,1.834158477,0.357744102,-1.90207,-24.41544885,-4.24078,-119.0813468,-98.42216,-103.727697,-89.43315822,-124.1871237,-107.9599857,-95.96662649
-111.89745,-2.738086382,-1.74914,-97.56896494,3.394893244,-92.50159,-21.61380384,-1.48593,-5.138960803,-85.81545,-113.8906707,-95.68118915,-107.0027554,-111.9364147,-105.445632
-1.38588,2.528150318,-2.55394,-100.947385,1.163353736,-84.85191,-25.36388141,-13.32817,-7.033955091,0.35388,-102.1395698,-89.84760786,-109.0755912,-99.90282864,-101.3272187
2.83384,-1.627378577,0.81789,-86.61463948,-3.735522201,-94.67298,-18.81291975,-4.68727,-3.933889058,-88.79055,-97.12599644,-90.67198911,-112.1892297,-104.8866193,-100.7104058
6.28258,-87.66936944,0.17319,2.687202768,4.548964385,-94.61698,-22.90842775,-4.68636,-103.8472739,-88.16325,-92.5455161,-96.71928984,-112.2983956,-2.299221419,-112.424096
-2.65678,-100.2616453,-4.10518,1.637191342,3.764712193,-80.54854,-87.40655157,-3.54189,-110.6129382,-87.34579,-105.8006472,-102.9588203,-104.4127505,-1.961441112,-107.6868715
-5.34519,-101.1785718,-7.9086,-88.8459613,0.489028166,-86.71662,-94.55166617,-96.1594,-102.1000538,-86.60708,-102.8602108,1.006539987,-125.3192969,-4.114998183,-117.415101
-119.26845,-97.39903864,-95.12962,-85.83781058,1.813012173,-81.25259,-92.28762357,-96.85691,-105.8351898,-96.1152,-96.43362033,-0.444797726,-7.377450428,-3.025255692,-5.734893597
-122.13621,-96.42456396,-90.79609,-93.85428238,0.404722901,-87.69085,-87.13824768,-98.42349,-119.5240019,-97.54851,-110.1144119,-0.201751998,-3.001606265,-8.147284844,-7.414834634
-122.98612,-104.3866115,-100.58655,-102.3800821,-0.727455931,-94.96836,-87.48686914,-97.35415,-101.7118402,-93.48331,-109.6540226,-2.266115672,-0.60975138,-96.46910394,-2.600031652
-102.68836,-102.8398789,-100.83423,-101.7039519,-1.004932273,-92.50472,-93.26414813,-95.58478,-116.898367,-86.91968,-4.342972708,-3.62569014,-1.099703706,-106.4508335,-5.770754921
-96.90148,-85.58222123,-12.80014,-84.95142962,-2.690106951,-85.62869,-84.37598771,-80.48202,-108.035113,-81.01515,-1.545023736,-2.441019884,-1.464677459,-99.57264114,-114.3597089
-104.71164,-110.6357567,-9.13434,-96.4494544,-0.758676612,-80.05934,-83.33298449,-100.86712,-103.3053302,-98.52572,3.305419984,-95.28879776,0.86891674,-100.7558846,-108.0737315
