Time,5U4Y,PDN11,PDN12,PDN13,PDN14,PDN15,PDN16,PDN17,PDN18,PDN19,PDN20,PDN21,PDN22,PDN23,PDN24
0,0,0,0,0,0,0,0,0,0,0,0,0,0,0,0
0.1,1.473,1.569,1.481,1.446,1.579,1.522,1.067,1.405,1.309,1.647,0.938,1.67,1.206,1.585,1.419
0.2,1.481,1.766,1.373,1.569,1.298,1.454,1.494,1.623,1.363,1.429,1.51,1.846,1.616,1.868,1.423
0.3,1.275,1.937,1.404,1.516,1.502,1.288,1.244,1.61,2.125,1.581,1.352,1.729,2.03,1.79,1.69
0.4,1.205,2.225,1.268,1.623,1.606,1.349,1.408,1.736,2.281,1.957,1.365,1.82,2.163,1.476,1.613
0.5,1.397,2.033,1.133,1.61,1.439,1.434,1.421,2.136,1.395,2.07,1.476,1.837,2.133,1.943,1.64
0.6,1.286,1.963,1.292,1.503,1.777,1.711,1.47,2.19,1.517,1.894,1.809,1.671,1.693,1.674,1.811
0.7,1.355,2.298,1.792,1.749,1.551,1.389,1.569,1.994,1.931,1.567,1.514,1.475,1.686,1.359,2.003
0.8,1.607,1.569,1.725,1.215,1.798,1.589,1.553,1.371,1.248,1.698,0.972,1.575,1.36,1.769,1.646
0.9,1.367,1.693,1.433,1.285,1.639,1.789,1.18,1.313,1.243,1.732,1.6,1.717,1.304,1.555,1.935
1,1.39,1.592,1.254,1.332,1.821,1.645,1.384,1.335,1.519,1.67,2.006,1.725,1.541,1.488,2.235
1.1,1.472,1.934,1.356,1.176,1.544,1.369,1.409,1.285,2.052,1.768,1.923,1.501,1.998,1.216,1.456
1.2,1.548,1.781,1.635,1.426,1.744,1.454,1.2,1.315,1.515,1.66,1.661,1.355,2.009,1.356,1.843
1.3,1.647,1.98,1.731,1.691,1.645,1.934,1.116,1.372,1.651,1.499,2.024,1.433,1.997,1.54,1.467
1.4,1.183,1.801,1.368,1.226,1.803,1.597,1.333,1.36,1.683,1.971,1.877,1.519,2.401,1.54,1.509
1.5,1.157,1.795,1.716,1.177,2,1.777,1.275,1.565,1.558,2.189,1.544,1.206,2.721,1.621,1.339
1.6,1.489,1.83,1.747,1.533,2.12,1.91,1.613,1.931,1.716,2.287,1.513,1.155,2.247,1.925,1.626
1.7,1.295,1.482,1.498,1.428,2.079,1.577,1.266,2.073,1.627,2.289,1.434,1.336,2.2,1.656,1.025
1.8,1.073,1.558,1.643,1.492,2.031,2.061,1.399,2.022,1.448,2.044,1.707,1.507,2.563,1.636,1.325
1.9,1.159,2.04,1.893,1.483,2.143,1.577,1.342,2.205,1.346,1.578,1.663,1.338,2.87,1.942,1.29
2,1.241,1.919,1.545,1.396,2.242,1.51,1.568,2.656,1.672,1.499,1.679,2.046,1.849,1.73,1.216
2.1,1.892,2.475,1.581,1.197,2.031,1.557,1.486,2.764,1.726,1.502,1.878,1.434,1.935,1.948,1.394
2.2,1.779,2.094,1.644,1.573,2.063,1.48,1.595,2.454,1.323,1.657,1.87,1.26,1.916,2.071,1.39
2.3,2.254,1.872,1.724,1.759,1.996,1.532,1.583,2.562,1.626,1.496,1.971,1.603,1.824,1.554,1.28
2.4,1.79,1.85,1.808,1.73,1.939,1.287,1.785,2.543,1.479,1.487,1.626,1.406,1.995,1.393,1.369
2.5,1.869,2.116,1.893,1.657,2.073,1.314,1.571,2.398,1.371,1.894,1.734,1.494,2.001,1.262,1.615
2.6,1.57,2.138,1.841,1.617,2.447,1.199,1.704,2.715,1.498,1.678,1.94,1.324,1.632,1.473,1.214
2.7,2.203,1.798,2.012,1.397,2.006,1.488,1.218,2.432,2.161,1.74,1.494,2.145,1.956,1.722,1.975
2.8,1.968,2.127,2.351,1.531,1.913,1.391,2.048,2.234,2.293,1.686,1.645,1.79,1.684,1.85,1.371
2.9,2.138,1.753,1.933,1.103,1.735,1.952,1.755,2.006,1.961,1.603,1.56,1.675,1.404,1.835,1.488
3,2.321,2.126,2.179,1.451,1.574,1.417,1.796,2.185,2.257,1.561,1.646,1.397,1.583,1.712,1.586
3.1,2.04,2.069,2.042,1.453,2.006,1.483,1.647,2.297,1.702,1.929,1.984,1.442,1.657,2.015,1.989
3.2,1.781,2.048,2.279,1.523,2.02,1.584,1.745,2.292,1.781,2.289,1.878,1.485,1.796,1.48,1.268
3.3,1.236,2.07,1.934,1.449,1.607,1.72,1.773,2.403,1.455,2.077,1.589,1.487,1.56,1.576,1.502
3.4,1.417,2.042,2.129,1.302,1.662,1.456,2.026,2.253,1.469,2.368,1.533,1.641,1.952,2.164,1.067
3.5,1.148,2.036,1.728,1.445,2.25,1.423,1.666,2.7,1.678,2.056,1.638,1.609,2.026,1.995,1.506
3.6,1.213,2.278,1.545,1.444,2.291,1.323,1.603,2.871,1.711,1.971,1.371,1.707,1.531,1.675,1.327
3.7,1.61,2.651,1.531,1.638,2.505,1.525,1.746,2.653,1.822,1.673,1.589,1.675,1.843,1.57,1.419
3.8,1.396,2.235,1.647,1.514,2.299,1.415,1.617,2.611,2.032,1.725,1.989,1.5,1.534,1.649,1.861
3.9,1.535,2.201,2.505,1.433,2.487,1.575,1.981,2.246,2.093,1.817,1.948,1.437,1.374,1.723,1.388
4,1.373,1.859,2.708,1.249,2.651,1.24,2.165,2.71,2.091,1.694,2.048,1.316,1.51,1.49,1.335
4.1,1.4,1.948,3.035,1.738,2.288,1.306,1.924,2.571,1.907,2.019,1.703,1.39,1.07,2.07,1.363
4.2,1.354,2.392,3.151,1.447,2.194,1.273,1.986,2.458,2.018,1.466,1.601,1.585,1.385,1.622,1.324
4.3,1.332,2.314,3.046,1.308,1.579,1.559,1.821,2.589,1.691,1.736,1.635,1.407,1.381,1.929,1.184
4.4,1.423,2.281,3.195,1.224,1.462,1.254,2.067,2.877,1.996,1.988,1.577,1.312,1.35,1.976,1.425
4.5,1.25,2.121,2.667,1.952,1.449,1.314,1.892,2.27,2.374,1.869,1.875,1.462,1.619,2.011,1.829
4.6,1.472,1.887,1.763,1.496,1.498,1.401,1.958,2.94,2.112,1.605,1.799,1.48,1.965,2.37,1.605
4.7,1.348,2.29,1.749,1.83,2.321,1.207,1.913,2.524,2.058,1.572,1.839,1.311,1.399,1.986,2.036
4.8,1.306,2.101,2.087,1.656,1.886,1.391,2.009,2.449,2.356,1.527,1.552,1.175,1.173,1.733,1.577
4.9,1.25,1.911,1.97,1.73,1.983,1.678,1.877,2.099,1.589,2.146,1.728,1.18,1.482,1.526,1.423
5,1.347,2.216,1.919,1.92,1.932,1.524,1.907,1.957,2.072,1.796,1.754,1.293,1.454,1.743,1.699
5.1,1.51,2.231,1.783,1.809,2.846,1.315,1.974,2.333,1.676,2.25,1.976,1.511,1.477,1.443,1.385
5.2,1.249,2.185,1.547,1.696,2.13,1.498,1.768,1.991,2.001,1.886,2.036,1.442,1.575,1.861,1.3
5.3,1.348,2.104,1.712,1.461,2.292,1.335,2.476,1.983,1.457,1.859,1.938,1.262,1.703,1.526,1.412
5.4,1.259,2.062,2.084,1.336,2.114,1.334,2.163,2.085,1.341,2.146,1.667,1.606,1.561,1.745,1.311
5.5,1.257,2.031,2.248,1.25,2.731,1.523,2.024,2.193,1.407,2.245,1.698,1.588,1.505,1.94,1.632
5.6,1.381,2.257,1.963,1.54,2.684,1.529,1.579,2.229,1.767,1.781,1.709,1.577,1.41,1.931,1.607
5.7,1.38,2.171,1.928,1.557,3.082,1.436,1.535,3.381,1.84,2.468,1.577,1.206,1.747,1.806,1.634
5.8,1.208,2.459,1.987,1.525,2.957,1.505,1.477,2.248,1.549,2.392,2.169,1.435,1.859,2.397,1.514
5.9,1.369,2.328,2.011,1.538,2.771,1.522,1.747,2.267,1.765,2.592,1.789,1.495,1.599,2.293,2.111
6,1.33,2.815,1.923,1.493,2.63,1.269,1.665,1.89,1.51,2.349,2.012,1.573,1.693,2.696,2.009
6.1,1.194,2.219,2.039,1.668,1.902,1.23,1.971,2.036,1.457,2.077,1.971,1.535,1.27,2.549,1.828
6.2,1.179,2.563,1.998,1.27,2.201,1.437,1.71,2.164,1.675,1.841,1.853,1.445,1.734,2.786,1.746
6.3,1.324,2.22,2.194,1.652,2.444,1.45,2.395,2.194,1.961,1.393,1.831,1.274,1.648,2.616,1.386
6.4,1.58,2.432,2.181,1.697,1.8,1.733,2.521,1.938,1.512,1.318,1.576,1.254,1.739,2.67,1.508
6.5,1.585,2.441,1.968,1.571,1.865,1.265,2.524,2.104,1.648,1.604,1.797,1.403,1.718,2.575,1.298
6.6,1.609,2.894,1.59,1.823,2.095,1.408,2.541,2.212,1.398,1.359,1.846,1.706,1.96,2.668,1.668
6.7,1.378,2.942,2.043,1.834,2.151,1.635,3.357,1.876,1.422,1.712,1.848,1.583,2.399,2.353,1.422
6.8,1.441,2.673,2.02,1.973,1.959,1.441,3.259,1.618,1.349,1.475,1.836,1.471,2.295,2.125,1.761
6.9,1.467,2.659,1.637,2.107,2.07,1.537,2.995,1.667,1.352,1.341,1.725,1.598,2.293,2.184,1.84
7,1.377,3.096,1.869,2.044,2.122,1.737,3.285,1.99,1.318,1.542,2.131,1.434,1.984,2.387,1.505
7.1,1.297,2.88,2.375,1.656,2.547,1.523,3.162,1.807,1.928,1.794,2.123,1.61,1.988,1.88,1.983
7.2,1.376,2.995,2.073,1.614,1.849,1.439,2.913,1.808,1.412,2.343,2.355,1.381,1.527,1.71,2.072
7.3,1.356,3.011,1.997,1.975,1.915,1.593,3.279,2.08,1.561,1.367,2.438,2.194,1.302,2.04,1.671
7.4,1.399,2.791,2.365,1.622,2.031,1.361,2.778,2.415,1.511,1.997,2.072,1.539,1.511,2.201,1.351
7.5,1.411,2.43,2.518,1.852,2.183,1.45,2.578,1.802,1.492,2.189,1.902,2.009,1.463,1.976,1.921
7.6,1.194,3.035,2.134,2.085,1.978,1.368,2.901,2.306,2.021,2.169,1.721,1.97,1.243,1.948,1.489
7.7,1.344,2.998,1.967,2.183,2.413,1.252,3.147,2.174,1.751,2.856,1.891,1.652,1.703,2.025,1.401
7.8,1.52,2.632,1.978,1.937,2.192,1.362,2.886,1.728,1.683,2.313,1.851,1.741,1.247,2.531,1.32
7.9,1.3,2.913,1.888,1.866,2.287,1.679,2.89,1.836,1.549,1.7,1.887,1.761,1.518,1.987,1.66
8,1.583,3.553,1.802,1.46,2.245,1.678,2.799,1.754,1.218,1.901,1.938,1.526,1.558,2.134,1.59
8.1,1.609,3.268,2.017,1.573,2.86,1.367,2.814,2.002,1.611,2.153,1.718,1.589,1.424,2.829,1.48
8.2,1.351,3.384,2.292,1.852,2.335,1.67,3.13,1.975,1.542,2.105,2.135,1.592,1.714,2.44,1.362
8.3,1.314,3.33,2.373,1.922,2.798,1.776,3.223,1.873,1.395,2.486,1.639,1.707,1.49,2.292,1.908
8.4,1.285,3.157,1.925,2.129,2.279,1.654,3.079,1.432,1.307,1.992,1.542,1.869,1.695,2.536,1.427
8.5,1.39,3.121,1.989,1.776,2.334,1.571,3.107,1.951,1.44,1.919,1.455,1.462,1.686,2.099,1.468
8.6,1.259,3.322,2.014,1.982,2.2,1.43,3.371,1.806,1.781,2.226,1.353,1.706,1.36,2.658,1.418
8.7,1.439,2.952,2.504,1.904,2.413,1.586,3.739,2.156,1.417,2.413,1.391,1.597,1.353,2.591,1.694
8.8,1.508,2.864,2.508,1.935,2.423,1.384,3.391,1.3,1.44,2.084,1.547,1.806,1.437,2.377,1.483
8.9,1.503,3.141,2.419,2.633,2.017,1.444,3.307,1.375,1.477,1.658,1.879,1.76,1.646,2.136,1.361
9,1.319,3.074,2.685,1.947,2.941,1.32,3.18,1.549,1.746,1.882,2.167,1.626,1.758,1.926,1.527
9.1,1.418,3.399,2.404,2.15,2.03,1.53,2.843,1.535,1.667,2.612,2.675,1.889,1.904,2.357,1.302
9.2,1.215,3.618,1.971,2.296,2.578,1.848,2.774,1.565,1.522,2.401,2.283,1.677,1.404,2.534,1.37
9.3,1.258,3.455,1.95,2.499,2.667,1.556,2.672,1.703,1.619,2.541,2.645,1.75,1.279,2.181,1.286
9.4,1.401,3.165,1.848,2.644,1.859,1.437,3.08,1.869,1.626,2.731,2.431,1.619,1.722,2.442,1.72
9.5,1.235,3.016,2.388,2.487,2.077,1.266,2.925,1.613,1.791,2.365,2.631,1.716,1.568,2.616,1.419
9.6,1.206,2.858,2.502,2.195,2.04,1.621,3.084,2.195,1.714,2.088,2.476,1.714,1.611,2.291,1.712
9.7,1.331,3.332,1.974,1.664,2.666,1.881,3.248,1.818,1.501,2.047,2.51,1.631,1.414,2.696,1.924
9.8,1.313,2.846,1.972,1.37,1.983,1.949,3.068,1.857,1.633,2.229,2.754,1.669,1.603,2.775,1.397
9.9,1.456,3.189,1.754,1.505,2.613,2.212,2.987,1.986,1.447,2.409,2.036,1.847,1.615,3.246,1.41
10,1.377,3.389,1.674,1.646,2.378,2.309,2.965,2.023,2.003,1.927,2.021,1.797,1.376,2.381,1.392
10.1,1.462,2.95,1.899,1.4,2.429,2.333,2.697,1.551,2.065,2.184,1.776,1.717,1.393,2.468,1.697
10.2,1.508,3.73,1.834,1.59,2.392,2.125,2.621,2.195,1.66,2.137,1.535,1.798,1.453,2.535,1.348
10.3,1.665,3.674,1.837,1.483,1.952,2.389,2.353,2.148,1.834,2.09,1.469,1.88,1.548,2.18,1.409
10.4,1.471,3.597,2.188,1.639,2.33,2.092,2.679,2.06,1.815,2.149,1.508,1.72,1.745,2.351,1.806
10.5,1.37,3.428,1.817,1.43,2.815,1.647,3.181,1.592,1.985,2.675,1.707,1.671,1.367,2.418,1.607
10.6,1.383,3.119,1.595,1.475,2.379,1.777,3.254,1.806,2.035,1.995,1.678,1.811,1.341,2.165,1.359
10.7,1.537,2.986,1.901,1.901,2.173,1.823,2.968,1.402,2.199,2.462,1.533,1.605,1.212,2.902,1.536
10.8,1.453,2.791,1.442,1.557,2.231,2.334,3.168,1.344,2.354,2.591,1.625,1.634,1.294,2.56,1.546
10.9,1.159,2.476,2.133,2.353,2.581,2.183,3.04,1.574,2.457,2.412,1.725,1.585,1.347,2.051,1.64
11,1.349,2.836,1.927,1.517,2.139,1.714,3.108,1.531,2.564,2.153,1.624,1.785,1.297,2.513,1.321
11.1,1.261,2.618,2.027,1.556,2.163,1.921,3.038,1.517,2.965,2.069,1.784,1.833,1.472,2.142,1.887
11.2,1.447,2.683,2.155,1.476,2.102,1.926,2.68,1.301,2.615,1.798,1.558,1.423,1.373,2.221,1.791
11.3,1.342,2.584,1.905,1.518,2.039,2.464,2.593,1.495,2.799,2.392,1.592,1.786,1.416,2.269,1.287
11.4,1.668,2.8,1.457,1.172,2.517,2.311,2.708,1.426,2.765,1.833,1.386,1.413,1.523,1.815,1.467
11.5,1.57,3.242,1.878,1.325,2.429,1.671,2.861,1.418,2.764,1.93,1.391,1.253,2.031,1.664,1.357
11.6,1.736,3.078,1.728,1.279,2.381,2.027,2.499,1.537,2.722,2.163,1.638,1.515,1.826,1.936,1.531
11.7,1.385,3.466,1.617,2.082,2.341,1.701,2.168,1.183,2.662,2.306,1.661,1.744,1.387,1.817,1.612
11.8,1.686,3.836,1.833,1.963,2.366,1.347,2.108,1.659,2.858,2.229,1.47,1.692,1.536,2.109,1.628
11.9,1.59,3.761,1.643,1.725,2.369,1.503,2.23,1.679,2.309,2.193,1.624,2.247,1.565,2.079,1.715
12,1.564,3.609,1.942,1.573,2.416,1.44,2.072,1.749,2.559,2.209,1.631,1.577,1.726,2.274,1.498
12.1,1.48,3.383,2.104,1.707,2.498,1.364,1.825,1.434,2.837,2.197,1.659,1.719,1.554,2.157,1.537
12.2,1.581,2.986,1.913,1.306,3.286,1.582,1.938,1.896,2.675,2.063,1.578,1.805,1.485,2.1,1.138
12.3,1.356,2.733,1.928,1.412,3.06,1.476,1.997,1.77,3.001,2.019,1.659,1.842,1.501,1.998,1.552
12.4,1.39,2.841,1.692,1.314,2.811,1.443,2.235,1.478,2.551,2.154,1.574,1.871,1.279,1.906,1.599
12.5,1.359,2.631,1.58,1.46,2.668,1.505,2.255,1.44,2.442,2.484,1.263,1.889,1.734,1.627,1.571
12.6,1.532,2.549,1.58,1.302,3.813,1.761,1.947,1.281,2.467,2.202,1.514,1.844,1.455,1.865,1.706
12.7,1.371,2.611,1.588,1.598,3.238,1.507,2.264,1.657,2.413,2.072,1.491,1.886,1.624,2.109,1.858
12.8,1.298,2.923,1.741,1.456,3.253,1.404,2.05,1.665,2.264,2.364,1.478,1.739,1.313,1.647,2.051
12.9,1.631,2.972,1.824,1.846,3.039,1.765,2.319,1.924,2.473,2.297,1.689,1.893,1.376,2.084,1.576
13,1.364,3.181,1.874,2.638,2.464,1.4,2.387,1.817,2.384,2.66,1.707,1.832,1.367,1.762,1.582
13.1,1.35,3.481,2.043,2.856,3.121,1.709,2.179,1.581,2.347,2.04,1.457,1.59,1.385,1.693,1.797
13.2,1.594,3.391,1.665,2.812,2.935,1.399,2.155,1.516,2.63,2.745,1.642,1.746,1.283,1.878,1.65
13.3,1.406,3.444,2.043,2.578,2.709,1.322,1.995,1.417,2.617,2.083,1.933,1.832,1.712,1.931,1.458
13.4,1.582,3.006,1.993,2.11,3.159,1.953,2.199,1.478,2.494,2.502,1.644,1.899,1.606,2.126,1.565
13.5,1.619,2.657,2.299,2.086,2.946,1.999,2.224,1.678,2.505,2.541,2.067,1.642,1.887,2.191,1.63
13.6,2.006,3.228,2.206,1.596,2.94,1.78,2.303,1.47,2.897,2.401,1.576,1.367,1.627,1.805,1.779
13.7,1.558,2.955,1.959,1.792,2.557,1.643,2.611,1.365,2.377,2.336,1.773,2.105,1.414,1.991,1.553
13.8,1.673,3.196,1.972,1.577,2.994,1.681,2.123,1.355,2.56,2.351,1.479,1.625,1.582,2.111,1.717
13.9,1.519,3.276,2.048,1.466,3.512,2.073,2.168,1.608,2.403,2.636,1.577,1.757,1.466,2.273,1.911
14,1.714,3.206,1.77,1.59,3.198,1.682,1.8,1.447,2.266,1.909,1.755,1.918,1.532,2.634,1.831
14.1,1.876,2.772,1.934,1.4,3.761,1.588,1.653,1.596,2.619,2.036,1.759,1.869,1.42,2.293,1.699
14.2,1.506,2.542,1.98,1.404,3.482,1.545,1.88,1.695,2.759,2.046,1.667,1.901,1.336,2.76,1.755
14.3,1.553,2.674,1.967,1.303,2.949,1.639,2.147,1.84,2.493,3.162,1.519,1.856,1.535,2.659,1.741
14.4,1.554,2.651,2.081,1.615,2.505,1.62,2.038,1.418,2.018,1.922,1.632,1.638,1.604,2.507,1.478
14.5,1.336,2.617,1.945,1.584,3.034,1.581,2.207,1.881,2.271,2.271,1.785,1.919,1.318,2.33,1.659
14.6,1.649,2.781,1.944,1.867,2.395,1.695,2.611,1.772,2.803,2.094,2.068,2.176,1.553,2.431,2.212
14.7,1.562,3.184,2.128,1.664,2.283,1.291,2.444,2.024,1.988,2.514,1.846,1.415,1.874,2.049,1.665
14.8,1.541,3.173,1.746,1.98,2.928,1.557,2.428,1.708,2.207,2.428,1.912,1.904,1.867,2.106,1.288
14.9,1.41,2.972,1.677,1.833,2.962,1.806,3.115,2.036,2.547,2.685,2.628,1.723,1.353,2.568,2.173
15,1.339,2.721,1.806,1.949,2.812,1.526,3.006,1.927,2.396,2.219,2.081,1.845,1.33,2.309,1.654
15.1,1.458,2.929,1.834,1.948,2.677,1.74,2.5,1.896,2.315,2.487,1.456,2.203,1.624,2.093,1.947
15.2,1.766,2.654,1.858,1.906,2.784,1.625,3.098,1.688,2.298,2.463,2.123,1.863,1.619,1.832,1.907
15.3,1.485,2.942,1.857,1.94,2.343,1.402,2.915,1.964,2.519,2.631,2.454,2.024,1.375,2.032,1.691
15.4,1.257,3.116,1.562,1.857,2.361,1.309,2.58,1.821,2.275,2.43,2.554,2.001,1.642,2.028,1.607
15.5,1.364,2.78,1.781,1.733,2.428,1.39,2.918,1.651,2.236,2.476,2.231,2,1.732,2.069,1.69
15.6,1.341,3.127,1.658,1.504,2.216,1.253,2.745,1.651,2.349,2.108,2.663,1.995,1.417,1.739,2.238
15.7,1.492,2.961,1.792,1.676,2.282,1.581,2.956,1.31,2.379,2.345,2.489,1.864,1.428,2.146,2.297
15.8,1.558,2.661,1.699,1.457,2.352,1.573,2.963,1.371,2.304,2.368,2.307,1.907,1.717,1.871,1.924
15.9,1.612,2.652,1.631,1.807,1.917,1.439,2.769,1.557,2.656,2.344,2.489,1.969,1.444,1.489,1.339
16,1.509,2.896,1.486,1.517,1.97,1.371,2.916,1.386,2.771,2.004,2.194,1.81,1.229,2.015,1.921
16.1,1.427,3.404,1.592,1.442,2.641,1.274,2.688,1.243,2.652,1.955,2.401,1.641,1.473,1.87,1.781
16.2,1.452,2.652,1.599,2.081,2.38,1.476,2.767,1.248,2.559,1.647,2.33,1.721,1.614,2.392,2.13
16.3,1.703,2.885,1.814,1.815,1.776,1.409,2.468,1.517,2.45,3.271,2.49,2.036,1.339,2.08,1.88
16.4,1.84,3.09,1.706,1.861,1.922,1.706,2.799,1.269,2.155,2.716,2.728,1.733,1.172,2.338,1.9
16.5,1.509,2.776,1.839,2.342,1.998,1.436,2.809,1.822,2.292,2.485,2.263,1.847,1.563,2.326,1.912
16.6,1.944,2.705,1.797,2.027,1.853,1.767,2.391,1.526,2.074,2.282,2.367,1.629,1.519,2.413,1.574
16.7,1.957,3.169,1.686,1.91,1.977,1.505,2.955,1.626,2.315,2.346,3.079,1.804,1.849,2.389,1.536
16.8,1.872,3.456,1.626,2.204,2.098,1.516,2.796,1.437,2.775,2.268,3.07,1.653,1.884,2.39,1.653
16.9,1.571,2.997,1.999,1.613,2.732,1.426,2.84,1.692,2.413,2.173,2.767,1.675,1.583,2.344,1.672
17,1.538,3.18,2.008,2.087,2.803,1.516,2.951,1.64,2.108,2.411,2.404,1.713,1.67,2.494,2.022
17.1,2.082,3.25,1.659,2.377,3.088,1.829,2.965,1.32,2.67,2.423,2.005,1.973,1.557,2.322,1.579
17.2,2.137,3.157,1.759,2.038,2.874,1.733,2.868,1.746,2.269,2.118,1.465,1.525,1.392,2.36,1.756
17.3,1.543,2.927,1.835,2.17,2.268,1.859,2.831,2.045,2.139,2.571,1.338,1.703,1.539,2.558,1.711
17.4,1.189,2.836,1.794,1.841,1.917,1.555,2.9,1.338,2.109,1.963,1.415,1.613,1.687,2.239,1.97
17.5,1.86,2.992,1.904,1.952,2.269,1.264,2.449,1.602,2.48,1.978,1.282,1.813,1.862,2.643,1.645
17.6,1.629,2.839,1.914,1.927,1.888,1.384,2.781,1.455,1.943,2.638,1.497,1.635,1.666,2.445,1.753
17.7,1.516,2.584,2.07,1.799,2.455,1.367,2.689,1.652,2.303,1.632,1.786,1.671,1.743,2.363,1.553
17.8,1.539,2.578,2.38,1.861,2.857,1.445,2.766,1.665,2.432,1.811,1.585,1.805,2.324,2.292,1.756
17.9,1.334,2.831,1.812,1.728,2.85,2.025,2.608,1.768,2.394,2.091,1.426,2.039,1.942,2.642,1.607
18,1.708,3.113,1.691,1.988,3.153,1.617,2.736,2.219,2.563,1.383,1.513,1.681,1.597,2.583,1.525
18.1,1.522,3.253,1.755,1.667,2.382,1.699,2.541,1.997,2.424,1.59,1.277,1.991,1.834,2.431,1.728
18.2,1.327,3.426,1.984,1.575,2.157,1.749,2.716,1.904,2.505,1.565,1.231,1.687,2.137,2.551,1.54
18.3,1.376,3.651,2.049,1.539,2.662,1.5,2.705,1.661,2.752,1.737,1.763,1.782,1.574,2.732,1.638
18.4,1.858,3.533,1.802,1.457,2.538,1.904,3.071,1.582,2.636,1.525,1.429,1.977,1.457,3.033,1.568
18.5,1.867,3.321,1.775,1.754,3.144,2.005,3.11,1.5,2.278,1.889,1.463,2.114,1.465,2.815,1.488
18.6,1.965,3.564,1.785,1.391,2.945,1.89,2.7,1.706,2.495,1.614,1.464,1.716,1.893,3.116,1.458
18.7,1.627,3.617,1.772,1.493,2.794,1.44,2.927,1.496,2.124,1.569,1.868,1.932,1.978,2.387,1.504
18.8,1.84,2.967,1.817,1.843,2.356,1.63,2.629,1.66,2.106,1.749,1.514,1.905,1.669,2.331,1.527
18.9,2.036,3.489,1.787,1.714,2.93,1.354,2.292,1.786,2.088,1.726,1.339,2.026,1.45,2.254,1.592
19,1.489,3.519,1.716,1.518,2.553,1.64,2.707,1.508,2.087,1.666,1.696,1.935,1.814,2.556,1.75
19.1,1.499,3.439,1.978,1.678,2.702,1.492,3.065,1.495,2.231,1.601,1.411,2.367,1.828,2.428,1.67
19.2,2.522,3.477,1.769,1.684,2.759,1.694,3.383,1.627,1.872,1.733,1.498,1.791,1.559,2.469,1.579
19.3,1.602,3.093,1.866,2.038,2.982,1.393,3.174,1.635,1.899,2.044,1.668,2.088,1.467,2.285,1.647
19.4,1.734,3.314,2.201,1.792,2.814,1.503,2.982,1.481,2.229,1.605,1.769,2.035,1.71,2.216,1.797
19.5,1.53,2.898,2.416,1.732,2.478,1.722,2.629,1.653,2.681,1.902,1.697,2.237,1.306,2.315,1.54
19.6,1.531,3.215,2.136,1.906,2.342,1.662,2.888,1.674,2.391,2.528,1.861,1.589,1.698,2.116,1.465
19.7,1.834,2.956,2.305,1.781,2.195,1.753,2.809,1.703,2.167,2.122,1.575,1.744,2.127,2.687,1.672
19.8,1.199,3.264,1.91,1.566,2.458,1.988,3.237,1.82,1.884,2.573,1.67,1.89,2.179,2.1,1.679
19.9,1.152,3.425,1.725,1.978,2.318,1.656,3.276,1.522,2.236,1.695,1.881,1.699,2.267,1.951,1.604
20,1.131,3.663,1.819,2.15,2.867,2.182,2.773,1.789,2.242,1.873,1.666,1.981,2.24,1.972,1.455
20.1,1.305,3.227,1.72,2.08,2.999,1.908,3.102,1.363,2.013,1.962,1.522,1.813,2.339,2.248,1.361
20.2,1.181,3.361,1.907,2.196,2.678,1.747,2.751,1.463,2.325,1.889,1.506,1.456,2.36,2.538,1.455
20.3,1.258,3.043,1.991,1.852,2.829,2.053,2.841,1.537,2.656,1.895,1.391,1.872,2.027,2.129,1.539
20.4,1.379,3.26,1.913,1.673,3.286,1.922,3.045,1.727,2.359,1.85,1.507,1.962,1.795,2.135,1.456
20.5,1.406,3.383,2.279,1.808,2.882,1.641,3.148,1.566,2.262,2.223,1.705,1.817,1.684,2.424,1.693
20.6,1.476,3.096,1.931,1.543,2.934,1.82,2.697,1.405,2.015,1.568,1.573,1.605,1.787,2.115,1.669
20.7,1.352,3.245,1.99,1.567,3.067,1.451,2.922,1.559,2.303,1.473,1.655,1.542,1.797,2.159,1.688
20.8,1.562,3.291,1.928,1.654,2.315,1.68,2.755,1.744,2.102,1.393,1.831,1.734,2.434,1.794,1.646
20.9,1.542,3.362,2.12,1.676,2.346,1.976,2.868,1.474,2.292,1.492,1.625,1.851,2.216,1.937,1.684
21,1.575,3.059,2.063,1.736,2.631,1.638,2.57,1.759,2.097,2.476,1.482,1.516,1.777,2.369,1.677
21.1,1.358,3.639,1.767,1.527,2.507,1.741,2.497,1.48,1.768,2.131,1.478,1.81,1.899,2.389,1.82
21.2,1.364,3.554,1.686,1.805,2.832,1.715,2.538,1.269,2.049,1.719,1.371,1.697,1.876,2.487,1.532
21.3,1.444,3.334,1.858,1.852,2.768,1.833,2.852,1.567,2.465,2.238,1.407,1.651,1.547,2.462,1.523
21.4,1.555,3.228,1.879,1.628,2.479,2.011,2.446,1.731,1.972,2.459,1.351,2.037,1.58,2.637,1.637
21.5,1.417,3.384,1.75,1.96,2.593,1.846,2.739,1.487,2.188,1.957,1.321,1.881,1.401,2.784,1.622
21.6,1.742,3.852,1.734,1.837,3.097,2.174,2.722,1.486,2.248,1.699,1.48,1.747,1.582,2.537,1.578
21.7,1.634,3.58,1.7,1.963,2.609,1.85,2.542,1.77,1.963,1.949,1.422,1.671,1.93,2.497,1.494
21.8,1.679,4.039,1.966,2.009,3.081,1.987,2.779,1.587,1.997,1.747,1.629,1.492,1.768,2.283,1.343
21.9,1.337,3.811,1.992,1.779,2.586,1.932,2.707,1.855,2.108,1.829,1.718,1.684,1.807,2.131,1.664
22,1.751,3.673,1.987,1.701,2.625,2.139,2.643,1.762,2.078,1.951,1.679,1.629,1.616,2.486,1.471
22.1,1.512,4.023,1.834,2.209,2.969,1.844,3.099,1.859,1.881,2.017,1.833,2.237,1.543,2.214,1.819
22.2,1.692,4.091,1.993,1.763,2.998,1.546,3.006,1.727,2.091,2.177,1.463,1.808,1.797,1.931,1.833
22.3,1.75,3.389,1.779,2.366,2.558,2.21,2.911,1.625,2.178,1.819,1.692,1.675,1.719,2.18,1.931
22.4,1.438,3.648,1.617,1.957,2.495,1.665,2.722,1.429,2.016,2.075,1.822,1.745,1.715,2.316,1.894
22.5,1.289,3.73,2.155,1.593,3.071,1.833,2.855,1.785,1.867,2.056,2.107,1.485,1.814,2.306,1.492
22.6,1.478,3.89,1.947,1.748,2.445,2.231,2.67,1.559,2.166,1.768,1.802,1.368,1.705,2.133,1.905
22.7,1.437,3.931,2.146,2.279,1.906,1.662,2.878,1.913,2.487,2.385,1.836,1.985,1.553,2.291,1.595
22.8,1.291,3.89,2.082,1.808,2.157,1.983,2.624,1.493,1.931,1.633,2.021,1.731,1.528,2.277,1.705
22.9,1.567,3.703,1.593,1.819,2.9,1.569,3.075,1.755,2.194,1.659,1.968,1.951,1.667,2.111,1.536
23,2.03,4.154,1.858,2.041,2.903,1.842,3.349,1.615,1.685,1.613,1.95,1.606,1.637,2.237,1.422
23.1,1.434,4.022,1.587,1.935,3.393,1.587,2.873,1.503,2.311,2.03,1.847,1.744,2.184,2.314,1.721
23.2,1.555,3.886,1.798,1.731,2.539,1.905,2.762,1.597,2.061,1.737,1.43,2.086,1.833,2.361,1.789
23.3,1.539,4.054,1.583,1.681,3.017,1.726,3.171,1.531,2.159,1.649,1.579,2.403,1.927,2.238,1.595
23.4,1.449,4.125,1.792,2.003,3.054,1.995,2.892,1.538,2.118,1.886,2.052,2.312,1.884,2.243,1.72
23.5,1.503,3.551,1.75,1.776,3.311,1.625,3.083,1.651,1.973,2.085,1.836,1.774,1.915,2.506,1.634
23.6,1.462,3.664,1.701,1.77,2.883,1.779,2.96,1.579,2.594,1.943,1.406,1.846,1.72,2.683,1.756
23.7,1.372,3.742,1.777,2.22,3.157,1.49,3.384,1.857,2.39,1.69,1.44,1.598,1.744,2.187,1.536
23.8,2.241,4.144,1.619,2.093,2.364,1.812,2.604,1.745,2.542,1.699,1.679,1.758,1.676,2.411,1.814
23.9,1.63,3.867,1.768,1.881,2.716,1.835,2.475,1.942,2.426,1.801,1.705,1.927,1.754,2.552,1.765
24,1.624,3.706,1.806,1.981,2.451,1.757,3.03,2.096,2.308,1.724,2.161,2.046,1.51,2.781,1.669
24.1,1.695,3.901,1.539,1.927,2.177,1.47,2.627,1.714,2.438,1.583,1.654,2.043,1.6,2.528,1.613
24.2,1.615,3.665,1.857,1.98,2.047,1.634,2.984,1.53,2.423,1.814,2.367,1.623,1.477,2.65,1.865
24.3,1.341,3.624,1.891,2.389,2.265,1.233,3.112,1.53,2.5,1.571,2.397,1.925,1.623,2.618,1.789
24.4,1.293,3.597,1.761,2.596,1.703,1.719,2.98,1.417,2.004,2.303,2.211,1.91,2.276,2.538,1.774
24.5,1.363,3.521,1.907,2.241,1.906,1.71,2.866,1.45,2.092,2.319,2.47,1.842,1.927,2.953,1.947
24.6,1.411,3.329,1.458,2.615,1.751,1.963,2.987,1.661,2.269,2.495,2.307,2.039,1.464,2.712,1.78
24.7,1.459,3.427,1.666,2.602,1.548,1.501,2.695,1.774,2.546,2.419,2.341,1.808,1.806,2.781,1.61
24.8,2.124,3.703,1.589,2.46,1.617,1.704,2.651,1.656,2.279,2.653,1.927,1.748,1.69,2.788,1.723
24.9,2.164,3.616,1.629,2.36,2.106,1.961,2.282,1.443,2.616,2.409,1.968,1.894,2.145,2.875,1.718
25,1.778,3.681,1.782,2.108,2.197,1.41,2.445,1.97,2.346,2.45,2.243,1.467,1.606,2.584,1.708
25.1,1.825,3.902,1.589,2.109,1.999,1.554,2.033,1.873,2.311,2.271,1.706,1.448,1.647,3.144,1.829
25.2,1.816,3.815,1.461,2.633,2.786,1.771,2.137,1.433,2.67,2.058,2.04,2.096,1.424,2.612,1.755
25.3,2.016,3.553,1.708,2.685,2.062,1.565,2.481,1.793,2.514,2.096,1.761,1.666,1.668,2.751,1.591
25.4,2.42,3.603,1.644,2.435,2.602,1.855,2.315,1.503,2.605,2.242,1.954,1.936,1.74,2.734,1.725
25.5,1.779,3.674,1.497,2.831,2.889,1.504,2.22,1.765,2.123,1.691,2.05,1.787,1.828,2.812,1.717
25.6,1.84,3.797,1.375,2.335,2.446,1.408,2.398,1.63,2.854,1.753,1.958,2.404,1.527,2.872,1.552
25.7,1.62,3.999,1.548,2.537,2.556,1.609,2.393,1.835,2.692,1.791,1.907,2.458,1.916,2.554,1.565
25.8,1.437,3.812,1.629,2.418,2.284,1.397,2.153,1.681,2.318,2.011,1.818,2.079,2.198,2.31,1.899
25.9,1.58,3.994,1.617,2.15,2.68,1.393,2.103,1.566,2.407,1.847,1.966,2.356,1.507,2.389,2.121
26,1.318,3.746,2.093,2.665,2.756,1.571,2.689,1.672,2.413,1.955,1.57,1.642,1.751,2.57,1.533
26.1,1.49,3.566,1.583,2.294,2.301,1.423,2.575,1.605,2.925,1.843,1.623,1.988,1.714,2.651,2.098
26.2,1.744,3.458,1.72,2.447,2.835,1.566,2.299,1.635,2.647,1.888,1.856,2.209,1.879,2.648,1.7
26.3,1.805,3.601,1.743,2.295,2.577,2.035,2.281,1.766,2.836,1.899,1.534,1.871,2.091,2.986,1.385
26.4,1.37,3.551,1.677,2.637,3.102,1.73,2.594,1.489,2.874,1.777,1.851,1.72,1.78,2.471,1.558
26.5,1.208,3.369,1.823,2.289,2.597,1.692,2.482,1.449,3.157,1.931,1.714,1.928,1.953,2.795,1.773
26.6,1.352,3.937,1.772,2.371,2.586,1.445,2.568,1.586,2.74,1.698,1.979,2.184,1.914,3.083,1.89
26.7,1.623,3.879,2.26,2.159,2.924,1.563,2.637,1.729,2.602,2.04,1.729,2.46,1.532,2.726,1.6
26.8,1.446,3.637,2,2.094,2.867,1.665,2.198,1.544,2.442,1.957,1.662,2.261,1.726,2.404,1.493
26.9,1.46,3.966,2.389,2.064,2.883,1.572,2.333,1.543,2.733,2.038,1.71,1.741,1.846,2.694,1.684
27,1.294,4.044,1.631,2.037,2.764,1.745,2.196,1.803,2.385,2.287,1.813,2.263,1.79,2.274,1.674
27.1,1.388,3.816,1.764,1.87,2.363,1.524,2.064,1.702,2.614,1.834,1.659,2.571,1.719,2.143,1.628
27.2,1.118,3.881,1.572,1.953,2.993,1.618,2.13,1.702,2.456,2.001,1.602,2.417,1.829,2.244,1.718
27.3,1.305,3.746,2.01,2.068,3.099,1.923,2.291,1.835,2.588,1.853,1.847,2.386,1.755,2.223,1.955
27.4,1.495,3.892,1.882,2.104,3.058,1.823,2.148,1.758,2.296,1.774,1.717,2.097,1.672,2.07,2.095
27.5,1.303,3.574,2.434,2.215,2.555,1.561,2.551,1.927,2.219,1.878,1.444,2.296,1.798,2.454,1.958
27.6,1.826,3.681,2.317,1.995,2.993,1.909,2.248,1.612,2.444,1.757,1.552,2.662,1.617,2.226,1.714
27.7,1.357,4.155,2.225,2.264,2.304,1.885,2.457,1.874,2.723,1.903,1.813,2.351,1.398,2.508,1.881
27.8,1.458,3.887,2.432,2.244,2.412,1.374,2.678,1.977,2.637,1.947,1.695,3.141,2.448,2.509,1.635
27.9,1.395,3.538,2.516,2.132,2.636,1.532,2.59,2.043,2.931,2.05,1.748,2.356,1.842,2.302,1.841
28,1.514,3.609,2.368,2.277,2.52,1.868,2.575,1.826,2.961,1.857,2.125,2.6,1.652,2.31,1.805
28.1,1.424,3.736,2.273,2.443,3.054,2.074,3.046,2.234,2.561,1.751,2.11,2.44,2.006,2.167,1.404
28.2,1.477,3.91,2.329,2.345,2.766,1.874,2.701,1.476,2.949,1.746,1.89,2.555,1.98,2.376,1.994
28.3,1.223,3.752,2.642,2.043,2.766,1.635,2.436,1.964,3.155,1.599,1.435,2.577,1.897,2.273,1.852
28.4,1.498,3.995,1.793,1.973,2.616,2.004,2.183,1.471,3.201,1.896,1.522,2.098,1.865,2.078,1.904
28.5,1.598,4.071,2.141,2.081,2.946,2.032,2.512,1.507,2.641,1.77,1.635,2.029,1.95,1.925,1.805
28.6,1.362,3.708,2.004,2.073,2.891,1.828,2.266,1.727,3.02,1.877,2.006,1.863,1.478,1.903,1.821
28.7,1.483,3.667,2.528,2.039,2.918,1.861,2.593,1.654,3.122,1.878,1.536,1.932,1.52,2.294,1.84
28.8,1.664,3.755,1.641,2.124,2.618,1.639,2.134,1.409,2.775,2.178,2.082,2.329,1.676,2.001,1.895
28.9,1.593,4.034,2.447,2.54,2.494,1.69,2.138,1.546,2.776,2.003,1.755,1.966,1.747,2.196,2.035
29,1.967,3.846,1.718,2.162,2.654,1.92,2.286,1.783,2.701,2.047,1.785,2.203,1.843,2.033,1.575
29.1,1.599,3.682,1.862,2.441,2.652,2.209,2.055,1.919,2.928,2.067,1.424,2.155,1.802,2.138,1.824
29.2,1.718,3.91,1.831,2.707,2.821,1.793,2.175,1.628,2.78,1.652,1.856,1.681,2.314,2.302,1.432
29.3,1.726,3.881,1.89,2.077,2.533,1.672,2.194,1.625,2.646,1.73,1.712,2.142,1.728,2.506,1.369
29.4,1.275,4.018,1.503,2.183,2.411,1.336,2.343,1.834,2.471,1.834,2.08,1.871,2.15,2.955,1.746
29.5,1.469,3.717,1.642,2.218,2.161,1.568,2.183,1.718,2.429,1.673,2.011,1.733,1.958,2.135,1.592
29.6,1.321,3.629,1.82,2.071,1.984,1.778,1.881,1.697,2.583,2.132,2.397,1.627,1.767,2.333,1.674
29.7,1.513,3.656,1.482,2.156,1.884,1.557,2.28,1.527,2.475,1.745,1.706,1.942,1.772,2.215,1.929
29.8,1.615,3.849,1.443,1.808,1.971,1.755,2.367,1.536,2.15,1.876,1.522,1.571,1.728,2.441,1.996
29.9,1.472,3.447,1.485,1.851,2.27,1.473,2.109,1.538,2.353,1.601,1.415,1.411,2.094,2.178,1.463
30,1.676,3.539,1.687,1.851,1.917,1.824,2.224,1.387,2.34,1.629,1.791,1.611,1.648,2.303,1.723
30.1,1.781,3.797,1.653,1.898,1.947,1.491,2.014,1.532,2.055,1.515,1.422,1.635,1.87,2.214,1.688
30.2,1.652,3.828,2.087,1.992,2.02,1.584,2.101,2.026,2.514,1.839,1.613,1.443,1.39,2.274,2.055
30.3,1.693,3.712,1.745,2.304,2.1,1.521,2.285,1.622,2.599,1.672,1.901,1.567,1.353,2.05,1.757
30.4,1.894,3.639,1.798,2.459,1.746,1.516,2.303,1.756,2.66,1.962,1.466,1.747,1.951,2.716,1.692
30.5,1.339,3.625,1.683,2.066,1.803,1.501,2.117,1.755,2.228,1.939,1.678,1.59,1.765,2.551,2.061
30.6,1.409,3.798,1.753,2.254,1.619,1.573,2.498,1.683,2.042,1.687,1.534,1.568,1.736,3.142,1.832
30.7,1.621,3.593,1.659,2.16,2.052,1.475,2.519,1.724,2.264,2.034,1.825,1.606,1.549,3.165,1.558
30.8,1.511,3.619,2.166,1.993,1.789,1.485,2.447,1.586,2.564,1.541,1.926,1.567,1.717,2.393,1.531
30.9,1.311,3.695,2.125,1.788,2.233,1.559,1.931,1.86,2.564,1.747,1.893,1.692,2.124,2.723,1.974
31,1.698,3.325,1.641,1.862,2.392,1.578,2.195,1.591,2.357,2.196,1.7,1.98,1.864,2.284,1.66
31.1,1.631,3.66,1.409,1.905,2.447,1.884,2.484,1.925,2.213,1.591,1.921,1.637,1.959,2.445,1.848
31.2,1.243,3.57,1.611,1.773,1.589,1.908,2.665,1.729,2.514,1.857,1.969,1.979,1.751,2.631,1.743
31.3,1.783,4.126,1.629,1.712,2.419,1.521,2.16,1.643,2.47,1.698,2.396,1.606,2.422,2.297,1.938
31.4,1.438,3.802,1.488,2.116,1.986,2.206,2.235,1.416,2.365,1.689,2.562,1.906,2.062,2.383,1.864
31.5,1.738,3.731,1.544,1.864,2.303,1.809,2.055,1.558,2.643,1.988,2.254,1.872,2.269,2.289,1.875
31.6,1.379,3.704,1.497,1.784,2.146,1.745,2.794,1.514,2.659,1.827,2.099,1.604,2.092,2.498,1.918
31.7,1.26,3.787,1.764,1.655,1.626,1.48,2.552,1.699,2.947,1.865,2.149,1.549,2.089,3.177,2.004
31.8,1.634,4.29,1.564,1.868,1.918,1.593,2.324,1.566,2.435,2.011,1.841,1.701,1.921,2.556,1.738
31.9,1.904,4.15,1.748,2.019,1.486,1.935,2.809,1.628,2.592,1.816,2.307,1.63,1.758,2.694,1.889
32,1.654,3.885,1.954,2.16,1.775,1.999,2.701,1.528,2.261,1.641,2.156,1.689,1.757,2.382,1.835
32.1,1.578,3.64,1.827,1.663,2.252,1.675,2.304,1.443,2.536,2.012,2.12,1.509,1.982,2.433,1.785
32.2,1.712,3.671,1.999,1.798,1.729,1.461,2.743,1.479,2.485,2.096,2.288,1.595,1.981,2.862,1.856
32.3,1.372,3.766,1.585,1.854,2.127,1.633,2.655,1.596,2.098,2.088,2.113,1.712,1.88,3.003,1.763
32.4,1.421,3.188,1.597,1.925,1.866,1.842,2.565,1.561,2.135,1.559,2.616,1.599,2.055,2.766,1.54
32.5,1.563,3.669,1.43,1.791,1.885,1.555,2.497,1.633,2.173,1.659,2.348,1.715,2.039,2.562,1.859
32.6,1.977,4.03,1.496,1.679,1.876,1.959,2.36,1.548,2.079,1.885,2.422,1.944,1.682,2.454,1.67
32.7,1.768,3.978,1.442,1.521,2.023,1.726,2.315,1.391,2.504,1.646,2.199,1.72,1.889,2.266,1.586
32.8,1.579,3.82,1.598,1.236,1.886,2.103,1.89,1.429,2.249,1.687,2.261,1.466,1.766,2.4,1.95
32.9,1.703,3.778,1.443,1.776,1.791,1.746,2.121,1.623,2.33,1.556,2.2,1.738,1.872,2.515,1.794
33,1.496,3.712,1.858,1.572,1.974,1.349,2.163,1.585,2.319,1.603,2.391,1.84,1.9,2.232,1.787
33.1,1.707,3.871,1.455,1.423,1.758,1.833,2.223,1.425,2.352,1.867,2.266,2.022,1.854,2.145,1.932
33.2,1.791,3.778,1.766,1.595,2.039,1.546,2.683,1.33,2.072,1.756,2.103,1.513,2.096,2.617,1.861
33.3,1.595,4.099,1.414,1.5,1.903,1.888,2.461,1.535,2.496,1.893,2.388,1.726,2.209,1.821,1.442
33.4,1.232,3.72,1.622,1.967,1.793,1.563,2.493,1.562,2.231,1.53,2.399,1.372,1.924,2.087,1.616
33.5,1.658,3.459,1.73,1.729,1.806,1.911,2.513,1.91,2.268,2.175,2.857,1.598,1.769,2.493,1.43
33.6,1.521,3.886,1.945,1.894,1.929,1.536,2.551,2.106,2.29,1.671,2.445,1.472,1.85,2.604,1.752
33.7,1.786,3.731,1.539,1.817,1.57,1.519,2.692,1.846,2.256,1.597,2.375,1.794,1.805,2.673,1.641
33.8,1.785,3.762,1.758,1.824,1.629,1.513,2.548,1.967,2.491,1.786,2.644,1.394,1.567,2.212,1.745
33.9,1.663,3.629,1.809,1.984,1.856,1.445,2.574,1.817,2.881,1.589,2.675,1.76,1.916,2.361,1.686
34,1.539,3.514,1.605,1.831,1.627,1.43,3.187,1.673,2.764,1.89,3.045,1.727,2.012,2.029,1.895
34.1,1.527,3.498,1.791,1.466,1.864,1.424,3.085,1.834,2.557,2.024,3.518,1.676,1.797,2.76,1.84
34.2,1.158,3.722,1.805,1.736,1.732,1.723,2.516,2.168,2.839,1.953,3.476,1.465,1.939,2.899,1.857
34.3,1.687,3.666,1.635,1.877,1.785,1.284,2.567,1.306,2.881,1.701,3.483,1.716,2.144,2.471,1.738
34.4,1.668,3.872,1.908,2.24,1.692,1.796,2.91,1.778,2.953,1.877,3.108,1.746,1.764,2.966,1.796
34.5,1.479,4.039,2.164,1.593,1.471,1.736,2.385,1.871,2.671,1.802,2.864,1.66,1.794,2.721,1.818
34.6,1.98,3.813,2.139,1.17,1.89,1.527,2.838,2.348,2.488,1.654,3.395,1.499,2.011,2.725,1.929
34.7,1.473,3.985,1.85,1.732,1.595,1.652,2.779,1.833,2.697,1.56,2.88,1.492,2.306,2.509,1.774
34.8,1.429,3.612,1.764,1.912,1.774,1.499,2.957,1.785,2.598,1.858,2.606,1.642,2.399,3.113,2.023
34.9,1.678,3.835,1.773,2.267,1.757,1.544,2.431,1.874,2.672,1.863,2.727,1.622,2.076,2.524,1.477
35,1.599,4.106,1.713,2.301,1.568,1.667,2.336,1.88,2.308,1.952,2.528,1.939,2.236,2.573,1.888
35.1,1.554,4.211,1.885,1.979,1.666,1.602,2.506,1.668,1.991,1.705,2.715,2.264,2.328,2.901,1.632
35.2,1.623,4.326,1.796,1.96,1.793,1.663,2.594,2.056,1.795,1.84,2.437,1.725,2.444,3.684,1.769
35.3,1.441,3.909,1.756,2.155,1.547,1.381,2.666,1.909,1.766,1.808,2.302,1.869,2.255,3.483,1.796
35.4,1.414,3.879,1.866,1.957,1.479,1.378,3.168,2.134,1.677,1.527,2.02,1.971,2.283,3.829,1.919
35.5,1.404,3.978,1.917,2.437,1.978,1.619,2.683,1.678,2.22,1.529,1.779,1.991,2.523,3.68,1.634
35.6,1.73,4.139,1.831,2.192,2.056,1.713,2.782,2.195,1.934,1.94,2.47,1.508,2.375,3.124,1.714
35.7,1.724,4.325,1.675,2.089,1.912,1.751,2.667,1.872,1.98,1.613,2.314,1.551,2.325,3.71,1.619
35.8,1.813,3.961,1.455,2.285,1.681,1.898,2.518,1.993,2.347,1.637,2.787,1.711,2.257,3.407,1.685
35.9,1.669,3.845,1.68,1.893,1.978,1.579,2.895,2.176,2.082,2.011,2.473,1.968,1.832,3.516,1.604
36,1.693,4.181,1.787,2.033,1.874,1.565,2.897,2.02,2.65,2.035,2.859,1.771,1.837,3.315,2.127
36.1,1.625,3.858,1.956,1.931,1.725,1.707,2.744,2.467,2.6,2.293,2.77,1.501,2.084,3.348,1.604
36.2,1.615,4.07,1.4,2.182,1.894,1.706,2.602,2.544,2.973,2.176,2.924,1.796,2.386,3.784,2.013
36.3,1.781,3.905,1.676,2.29,1.835,1.797,2.804,2.109,3.084,2.065,2.993,1.876,2.403,3.467,1.902
36.4,1.781,4.113,1.623,2.372,1.892,1.408,2.91,2.061,2.704,2.176,3.519,1.449,2.254,3.746,1.904
36.5,1.439,4.024,1.724,1.973,1.811,1.649,3.161,1.8,3.05,1.814,4.012,1.559,2.432,2.65,1.811
36.6,1.575,4.058,1.712,2.108,1.554,1.84,3.107,1.54,2.321,1.784,3.451,1.811,2.413,3.042,1.807
36.7,1.257,3.847,1.542,2.076,1.633,1.735,3.059,1.558,2.642,2.032,2.819,1.787,2.141,2.531,1.991
36.8,1.374,4.122,1.604,2.221,1.892,1.695,3.124,1.943,2.344,1.751,3.152,1.943,1.867,2.728,1.783
36.9,1.48,3.702,1.8,2.363,1.609,1.548,2.753,1.59,2.596,1.555,3.207,1.498,2.275,2.334,1.957
37,1.295,4.171,1.579,2.056,1.81,1.396,2.534,1.687,3.102,1.632,2.878,1.888,1.681,2.29,1.931
37.1,1.57,4.642,1.509,2.521,1.633,1.597,2.478,1.654,2.688,1.677,3.343,1.753,2.137,2.426,2.031
37.2,1.611,4.167,1.587,2.389,1.612,1.33,2.602,1.53,2.719,1.654,3.57,1.807,1.616,1.559,1.924
37.3,1.822,4.156,2.006,2.526,1.487,1.637,2.767,1.516,2.844,1.759,2.874,2.051,1.746,1.778,1.495
37.4,1.534,3.601,1.811,2.587,1.513,1.618,2.702,2.082,2.13,1.466,3.038,1.815,1.935,1.66,1.991
37.5,1.546,3.891,1.626,2.689,1.664,1.512,2.769,1.995,2.312,1.472,2.883,2.248,2.119,1.682,2.043
37.6,1.588,3.705,1.615,2.569,1.626,1.652,2.765,2.124,2.486,1.848,3.088,1.955,2.266,1.551,1.883
37.7,1.31,4.011,2.019,2.565,1.831,1.732,2.902,1.851,2.275,1.664,3.077,2.041,2.525,1.534,1.805
37.8,1.541,3.636,1.542,2.78,1.664,1.486,2.698,2.022,2.478,2.018,2.885,2.342,2.366,2.082,1.813
37.9,1.497,3.529,1.778,2.372,1.663,1.643,2.905,2.006,2.671,1.716,2.546,2.276,2.446,1.643,1.774
38,1.698,3.779,1.723,2.702,1.559,1.462,2.937,1.672,2.456,1.696,2.48,2.807,2.322,1.421,1.798
38.1,1.636,3.535,2.069,2.283,1.883,1.516,2.718,1.625,2.736,1.656,2.649,2.749,2.126,1.51,1.695
38.2,1.631,4.238,1.748,2.006,1.606,1.722,2.557,1.553,2.779,1.789,2.379,2.66,2.115,1.923,1.707
38.3,1.804,4.054,1.722,2.017,1.848,1.471,2.626,1.669,2.434,1.701,2.519,2.81,2.463,1.673,1.752
38.4,1.684,3.846,1.878,2.209,1.8,1.469,2.811,1.682,2.838,2.17,2.417,2.903,2.116,1.933,1.654
38.5,1.508,3.512,1.926,2.533,1.973,1.564,3.131,1.741,2.961,1.796,2.961,2.331,2.032,1.604,1.79
38.6,1.835,3.71,1.79,2.182,1.853,1.88,2.948,1.658,2.2,1.589,2.402,2.175,1.752,1.854,1.494
38.7,1.746,3.725,2.054,1.913,1.647,1.76,3.341,1.807,2.709,1.925,2.295,1.84,1.558,1.854,1.626
38.8,1.849,3.272,1.707,2.597,1.604,1.708,3.136,1.672,2.748,1.645,2.598,2.143,1.698,1.949,1.629
38.9,1.52,3.793,1.859,2.474,1.576,1.412,2.939,1.505,2.047,1.755,2.456,2.143,1.707,1.662,1.684
39,1.758,3.581,1.704,2.869,1.855,1.573,2.659,1.366,2.344,1.544,2.872,2.184,1.75,1.609,1.851
39.1,1.807,3.27,1.688,2.549,1.588,1.565,2.431,1.48,2.469,1.388,2.257,2.336,1.636,1.992,1.62
39.2,1.635,3.295,1.778,2.28,1.733,1.505,2.591,1.958,2.46,1.613,2.419,2.276,1.845,2.451,1.765
39.3,1.342,3.41,1.835,2.375,1.527,1.674,2.982,1.782,2.796,1.71,2.243,2.286,1.644,2.116,1.718
39.4,1.741,3.603,1.644,2.261,1.664,1.645,3.229,1.771,2.846,1.692,2.377,1.994,1.438,1.395,1.714
39.5,1.459,3.757,1.709,2.225,1.517,1.667,2.634,1.621,2.685,1.725,2.425,2.475,1.854,1.635,1.607
39.6,1.56,3.566,1.868,2.259,1.459,1.632,2.495,2.104,2.631,1.5,2.663,2.094,1.917,1.665,1.481
39.7,1.551,3.256,2.175,2.577,1.414,1.649,2.821,1.431,2.813,1.517,2.41,1.943,1.642,1.585,1.671
39.8,2.262,3.456,1.736,2.904,1.642,1.667,2.782,1.75,2.648,1.823,2.581,2.268,1.69,1.833,1.669
39.9,2.351,3.44,1.792,2.896,1.955,1.706,2.975,1.831,2.955,1.741,1.876,2.362,1.993,1.546,1.493
40,2.1,3.612,1.744,2.764,1.803,1.668,3.054,1.877,2.967,1.631,2.159,2.343,1.821,1.446,1.949
40.1,1.886,3.607,1.793,2.766,1.912,2.231,2.732,1.605,2.591,1.661,2.062,2.138,2.167,1.89,1.686
40.2,1.77,3.852,1.912,2.82,1.635,1.782,3.222,1.629,2.748,1.436,2.542,1.874,2.319,1.495,1.601
40.3,1.77,3.744,1.658,2.433,1.663,2.033,2.5,1.597,2.768,1.903,2.26,2.421,1.988,1.46,1.734
40.4,1.697,3.689,1.861,2.654,1.557,1.964,2.879,1.829,2.535,1.646,2.585,2.304,2.223,1.373,1.825
40.5,1.741,3.924,1.809,2.164,1.705,1.376,2.817,1.994,3.095,1.694,2.805,2.052,2.31,1.504,1.687
40.6,1.609,3.647,1.837,2.871,2.153,1.673,2.971,1.8,2.786,1.526,2.684,1.632,2.029,1.758,1.329
40.7,1.949,3.904,1.935,2.83,1.868,1.591,3.166,1.749,2.738,1.498,2.571,1.634,2.063,1.498,1.763
40.8,1.55,3.469,1.971,2.546,1.757,1.933,2.734,1.83,2.704,1.863,2.527,1.781,2.441,1.391,1.789
40.9,1.579,4.265,2.057,3.046,2.485,1.691,3.329,1.977,2.727,1.907,2.544,1.701,2.498,1.702,1.854
41,1.634,3.993,1.808,2.752,2.129,1.547,3.36,1.748,3.025,1.869,2.491,1.616,2.046,1.773,1.748
41.1,1.577,4.215,1.976,2.631,1.87,1.96,3.138,1.831,3.081,1.622,2.4,1.699,2.39,1.468,1.465
41.2,2.036,4.386,1.775,2.243,2.11,1.433,2.641,1.952,2.608,1.677,2.321,1.746,2.381,1.584,1.555
41.3,1.68,4.646,1.866,2.332,1.779,1.619,2.52,1.646,2.343,1.631,2.932,1.777,2.154,1.437,1.761
41.4,1.89,4.029,1.697,2.442,2.355,1.599,2.854,1.632,2.6,1.653,2.396,2.014,2.436,1.515,1.694
41.5,1.536,3.399,1.652,2.044,2.464,1.798,3.031,1.633,2.434,1.932,2.422,1.609,2.769,1.423,1.955
41.6,1.61,3.767,1.563,2.644,1.987,2.079,3.667,1.806,2.347,1.646,2.551,1.872,2.584,1.378,1.983
41.7,1.77,3.934,1.52,2.386,2.269,1.574,2.878,1.646,2.843,1.538,2.323,2.177,2.577,1.82,1.801
41.8,1.476,3.621,1.472,3.114,2.256,1.955,2.419,1.797,2.749,1.915,1.798,1.864,2.385,1.61,1.529
41.9,1.43,3.753,1.81,2.441,2.748,1.989,2.49,2.145,2.647,1.958,2.661,1.936,2.726,1.672,1.954
42,1.54,3.361,1.377,2.412,2.59,1.993,2.366,2.329,2.481,1.872,2.757,1.703,2.44,1.526,1.782
42.1,1.792,3.452,1.629,2.549,2.389,1.666,2.401,2.245,2.634,1.594,2.561,1.893,2.575,1.494,1.588
42.2,1.748,3.589,1.694,2.413,2.257,1.6,2.551,2.097,2.654,1.883,2.552,1.486,2.444,1.466,1.876
42.3,1.748,3.666,1.317,2.528,2.368,1.674,2.487,1.91,2.607,1.67,2.884,1.452,2.818,1.495,1.882
42.4,1.936,3.577,1.587,2.622,2.534,1.753,2.687,1.804,2.416,2.28,2.784,1.879,2.546,1.362,1.746
42.5,1.775,3.836,1.871,2.312,2.326,1.877,2.94,1.941,2.983,1.78,2.688,1.67,2.879,1.335,1.766
42.6,1.781,3.59,1.865,2.335,2.101,1.368,3.148,1.995,2.562,1.626,2.682,1.656,2.804,1.343,1.709
42.7,1.644,3.917,1.62,2.785,2.385,1.664,2.716,1.797,2.596,1.596,2.993,2.053,3.164,1.644,1.689
42.8,1.448,3.654,1.433,2.394,2.53,1.917,2.6,2.416,2.503,1.598,2.838,1.881,2.929,1.413,1.716
42.9,1.579,3.651,1.396,2.358,1.902,1.744,2.553,1.571,2.772,1.727,3.193,2.095,2.666,1.425,1.644
43,1.508,3.963,1.588,2.706,2.153,1.866,2.238,1.668,2.743,2.241,3.024,1.756,2.53,1.486,1.972
43.1,1.657,4.289,1.669,2.793,2.327,1.864,2.779,1.696,2.881,1.753,3.058,1.541,2.447,1.531,1.688
43.2,1.446,4.415,1.641,2.219,2.226,1.653,2.525,2,2.911,1.478,2.796,1.666,2.399,1.628,1.909
43.3,1.566,4.418,1.77,2.291,2.275,1.672,2.544,2.09,3.367,1.813,2.6,1.769,2.445,1.568,1.569
43.4,1.418,4.436,1.919,2.616,2.26,1.831,2.792,1.851,3.563,1.499,2.987,1.94,2.524,1.478,1.826
43.5,1.392,4.373,1.797,3.298,1.889,1.813,2.191,1.994,3.431,1.6,2.79,1.777,2.367,1.46,2.109
43.6,1.636,4.155,1.711,2.542,1.87,1.724,3.004,1.981,2.801,1.733,2.765,1.745,2.4,1.669,2.102
43.7,1.264,4.252,1.988,2.433,1.651,1.573,2.737,2.012,3.021,1.338,2.635,1.678,2.515,1.497,1.929
43.8,1.556,4.276,1.97,2.661,1.843,1.52,2.834,1.655,3.063,1.413,3.148,1.962,2.518,1.303,1.587
43.9,1.448,4.098,1.99,3.119,1.539,1.452,2.64,1.488,3.185,1.698,2.592,1.728,2.569,1.578,1.746
44,1.705,4.227,1.624,2.803,1.689,1.861,2.583,1.707,3.32,1.563,2.96,1.726,2.943,1.411,1.476
44.1,1.745,4.243,1.933,2.742,1.993,1.598,2.353,1.876,3.014,1.465,2.919,1.457,2.583,1.503,1.482
44.2,1.525,4.192,2.357,2.24,2.118,1.579,2.659,1.901,3.09,1.679,2.711,2.026,2.858,1.526,1.535
44.3,1.842,3.838,2.198,2.515,1.808,1.516,2.214,1.752,3.013,1.531,2.716,1.785,2.087,1.532,1.425
44.4,1.528,3.861,1.96,2.378,1.705,1.508,2.782,1.927,2.945,2.031,2.861,1.658,2.21,1.573,1.737
44.5,1.768,3.751,2.377,2.175,1.737,1.462,2.848,1.954,2.945,1.661,2.89,1.703,2.765,1.716,1.728
44.6,1.843,3.977,1.995,2.625,1.673,1.663,2.945,2.152,3.379,1.86,2.558,1.814,2.866,1.477,1.631
44.7,1.726,3.91,2.078,2.874,1.739,1.852,2.769,1.914,2.859,1.584,2.51,1.848,2.994,1.459,1.742
44.8,1.492,3.9,1.807,2.374,1.577,1.522,2.92,1.599,3.137,1.812,2.612,1.504,2.735,1.68,1.915
44.9,1.446,3.832,2.229,2.627,1.672,1.768,2.576,1.798,3.173,1.875,2.434,2.023,2.923,1.83,1.899
45,1.66,3.484,2.24,2.618,1.516,1.531,3.191,1.876,3.141,1.631,2.725,1.645,2.985,2.006,1.873
45.1,1.446,4.27,1.743,2.726,1.992,1.868,3.41,1.909,3.285,1.814,2.788,1.719,3.145,1.628,1.602
45.2,1.373,3.774,2.318,2.875,1.707,1.676,2.908,1.792,3.435,1.859,2.337,1.807,2.786,1.437,1.47
45.3,1.572,3.994,1.949,2.524,2.271,1.75,2.943,1.663,3.106,1.558,2.646,1.9,2.522,1.457,1.741
45.4,1.619,4.248,2.114,2.941,1.87,1.744,2.946,1.694,2.602,1.865,2.057,1.867,2.54,1.675,2.026
45.5,1.347,3.956,2.074,2.419,1.754,1.403,3.059,1.64,3.148,1.805,2.624,1.89,2.427,1.659,1.421
45.6,1.344,3.807,1.943,2.668,1.66,1.487,2.942,1.868,2.891,1.672,2.017,1.676,2.243,1.605,1.75
45.7,1.497,4.089,1.842,2.428,1.983,1.746,3.151,1.831,3.148,2.052,2.254,1.945,2.222,1.683,1.439
45.8,1.441,3.761,2.092,2.479,2.166,1.86,2.813,1.732,2.98,1.731,2.499,1.683,2.502,1.443,1.456
45.9,1.512,3.499,1.915,2.54,1.957,1.597,2.622,1.5,2.952,1.73,3.05,1.522,2.616,1.797,1.673
46,1.571,3.683,2.206,2.323,1.904,1.644,2.688,1.97,3.362,2.028,2.528,1.66,2.397,1.914,1.675
46.1,1.737,3.487,1.763,2.92,1.536,1.642,2.718,1.815,3.044,1.558,2.667,1.883,2.299,1.696,1.449
46.2,1.468,3.621,1.763,3.114,1.646,1.446,3.048,1.744,2.792,1.576,2.917,1.71,2.715,1.419,1.587
46.3,1.38,3.684,2.051,2.926,1.631,1.846,3.342,1.684,3.297,1.396,3.131,1.842,2.815,1.721,1.646
46.4,1.284,3.295,1.88,2.84,1.601,1.388,2.145,1.79,3.207,1.348,2.945,2.062,2.703,1.667,1.486
46.5,1.776,3.744,1.781,2.677,1.421,1.39,2.408,1.636,3.333,1.606,3.122,1.941,2.634,1.602,1.526
46.6,1.757,3.748,2.064,2.871,1.798,1.381,2.554,1.482,3.162,1.648,2.475,1.974,2.772,1.633,1.764
46.7,1.862,3.447,2.053,2.459,1.572,1.452,3.104,1.434,3.202,1.407,2.804,2.407,2.419,1.621,2.465
46.8,1.821,3.96,1.734,2.732,1.559,1.657,2.62,1.369,3.076,1.703,2.521,2.045,2.83,1.425,1.856
46.9,1.692,3.928,2.101,2.188,1.579,1.481,3.018,1.739,2.571,2.003,2.533,1.908,2.743,1.48,1.915
47,1.671,3.909,1.966,2.548,1.676,2.086,3.212,1.77,2.83,1.78,2.641,1.835,2.756,1.545,1.775
47.1,1.712,3.427,1.885,2.144,1.549,1.368,2.902,1.647,2.779,1.637,2.433,1.587,2.293,1.448,1.526
47.2,1.749,3.513,1.888,2.365,1.384,1.738,2.558,1.606,3.231,1.689,2.316,1.776,2.797,1.456,1.655
47.3,1.496,3.797,1.732,2.945,1.864,1.424,2.645,1.794,3.74,1.581,2.28,1.856,2.911,1.657,1.807
47.4,1.632,3.968,2.06,2.707,1.473,1.375,2.96,1.385,2.531,1.757,2.449,1.528,3.187,1.737,1.743
47.5,1.347,3.578,1.673,2.621,1.724,1.638,3.406,1.541,2.584,1.964,1.993,1.727,2.805,1.423,1.825
47.6,1.391,3.58,1.883,2.423,1.688,1.556,3.138,1.496,2.72,1.81,1.76,1.707,2.824,1.542,1.722
47.7,1.368,3.628,2.01,2.227,1.733,1.728,3.458,1.422,2.981,1.716,1.872,1.65,2.648,1.292,1.717
47.8,1.408,3.962,1.86,2.192,1.954,1.521,3.434,2.014,3.124,1.681,2.346,1.745,2.314,1.399,1.58
47.9,1.265,3.682,2.323,2.322,2.23,1.388,3.068,1.544,2.764,1.573,2.038,1.634,2.165,1.408,1.581
48,1.397,3.592,2.489,2.054,1.817,1.899,3.058,1.547,2.916,1.747,2.1,1.894,2.905,1.595,1.984
48.1,1.408,3.483,2.169,2.27,2.075,1.547,2.83,1.548,2.877,1.868,2.201,1.781,2.424,1.394,1.746
48.2,1.694,3.587,2.268,2.237,1.625,1.641,3.178,1.796,2.93,1.929,2.121,1.841,2.482,1.646,1.732
48.3,1.386,4.006,1.537,2.239,2.058,1.796,2.886,1.689,3.044,1.723,2.494,1.925,2.98,2.064,1.868
48.4,1.679,3.856,1.717,2.255,2.278,1.661,2.874,1.376,2.758,1.6,2.419,1.979,3.08,1.811,1.955
48.5,1.42,3.46,1.763,2.471,1.725,1.56,3.078,1.325,2.535,1.982,1.679,1.872,2.327,1.59,2.008
48.6,1.293,3.88,2.077,2.555,1.899,1.665,3.082,1.502,2.587,1.674,1.994,1.734,2.601,1.404,1.878
48.7,1.428,3.819,1.74,2.08,1.824,1.494,3.76,1.533,3.093,1.661,1.89,1.787,2.134,1.478,1.76
48.8,1.71,4.129,1.722,2.346,1.751,1.573,3.208,2.028,2.858,1.905,2.056,1.711,2.293,1.57,1.693
48.9,1.901,3.469,1.708,2.311,1.61,1.627,3.186,1.571,2.896,1.971,2.198,1.706,2.318,1.29,1.765
49,1.842,3.505,1.989,2.748,1.998,1.687,2.858,1.603,3.049,1.877,1.862,1.634,2.116,1.562,1.536
49.1,1.444,3.452,2.076,2.462,1.638,1.454,3.04,1.76,2.941,1.899,1.879,1.667,2.166,1.943,1.975
49.2,1.394,3.143,1.858,2.437,1.809,1.414,2.73,1.607,2.956,1.701,1.822,1.61,2.213,1.646,2.269
49.3,1.683,3.25,1.996,2.336,1.657,1.527,3.053,1.792,2.753,1.838,1.711,1.669,2.39,1.914,1.869
49.4,1.681,3.08,2.024,2.544,1.649,1.356,2.968,1.622,2.882,1.971,1.808,1.617,2.277,1.635,1.848
49.5,1.915,3.426,1.975,2.375,2.015,1.591,2.803,1.7,2.691,1.852,1.635,2.015,2.96,1.803,1.708
49.6,1.457,3.704,1.822,2.122,1.99,1.645,3.106,1.455,2.972,1.882,1.973,1.731,2.681,2.04,1.59
49.7,1.377,3.466,1.848,2.098,1.783,1.576,3.072,2.003,2.853,1.663,2.374,1.661,2.796,2.414,1.855
49.8,1.716,3.078,1.686,2.331,1.867,1.378,2.683,1.401,2.92,1.751,2.306,1.724,2.153,2.118,2.125
49.9,1.95,3.311,1.811,2.353,1.599,1.422,2.857,1.712,2.839,2.099,2.373,1.541,1.882,2.221,1.95
50,1.863,3.171,1.822,2.448,1.586,1.857,3.242,1.55,2.464,2.148,2.456,1.743,2.437,2.116,1.416
50.1,1.628,2.843,1.736,2.557,1.986,1.386,3.086,1.759,2.539,1.881,1.689,1.476,2.089,2.301,1.585
50.2,1.772,3.254,1.86,2.253,2.1,1.691,3.179,1.556,2.689,1.662,1.91,1.708,2.293,2.067,1.547
50.3,1.628,3.191,2.036,2.637,2.002,1.573,3.392,1.772,2.938,1.901,2.787,2.014,2.378,1.841,1.605
50.4,1.367,3.477,1.988,2.173,2.672,1.527,2.707,1.721,3.075,1.975,2.311,1.947,2.607,1.934,1.846
50.5,2.083,3.673,2.056,2.339,2.349,1.461,3.117,1.732,3.014,1.691,2.365,1.662,2.638,1.879,1.768
50.6,1.513,3.382,1.98,2.165,2.83,1.595,3.051,1.768,2.461,1.993,2.253,1.527,2.914,1.683,1.756
50.7,2.187,3.456,1.809,2.332,2.383,1.442,3.544,1.688,2.704,1.591,2.266,1.516,2.979,1.583,2.219
50.8,2.296,3.511,1.964,2.37,1.898,1.595,2.905,1.892,2.534,1.582,2.641,1.75,2.711,1.752,1.669
50.9,1.903,3.174,1.921,2.438,1.761,1.538,2.713,2.148,2.433,1.761,2.165,1.74,2.641,1.747,1.949
51,2.37,3.25,1.719,2.023,1.986,1.466,3.173,1.854,2.455,1.61,2.008,1.492,2.741,1.939,1.586
51.1,1.763,3.509,1.681,2.243,1.716,1.438,2.815,1.787,2.38,1.53,2.625,1.371,2.761,2.372,1.802
51.2,2.229,3.676,1.803,2.178,1.605,1.426,3.035,1.71,2.437,1.972,2.747,1.44,2.823,1.948,1.753
51.3,2.597,3.431,1.967,2.754,1.82,1.265,2.943,1.694,2.811,2.219,2.798,1.4,2.507,2.015,1.998
51.4,2.263,3.252,1.834,2.118,1.747,1.465,2.753,1.576,2.456,2.167,2.53,1.422,2.823,2.003,1.589
51.5,1.914,3.644,1.985,2.063,1.987,1.637,2.633,1.555,2.418,2.05,2.328,1.692,2.618,1.937,1.991
51.6,1.999,3.135,1.876,2.05,2.188,1.464,2.841,1.63,2.526,1.786,2.25,1.686,2.41,1.907,2.027
51.7,2.584,3.578,2.047,2.047,1.932,1.358,3.197,1.797,2.81,2.08,2.142,1.528,2.421,2.104,1.974
51.8,2.27,3.413,2.079,2.448,2.307,1.934,3.082,1.699,2.618,1.99,2.023,1.549,2.622,2.233,1.828
51.9,2.117,3.544,2.058,2.508,2.792,1.521,2.674,1.732,2.203,1.705,2.397,1.423,2.464,2.178,1.892
52,2.222,3.407,1.891,2.588,2.367,2.078,2.992,1.73,2.306,1.852,2.488,1.845,2.533,2.02,2.11
52.1,1.72,3.724,1.803,2.323,2.47,1.624,2.921,1.814,2.086,1.76,2.921,1.583,2.268,1.708,1.775
52.2,1.919,3.324,1.658,2.35,2.019,1.462,2.655,1.694,2.365,2.117,2.727,2.014,2.168,1.637,1.641
52.3,1.778,2.87,1.75,2.375,2.027,1.644,2.576,1.893,2.633,1.899,2.564,1.857,2.228,1.851,1.782
52.4,1.57,3.369,1.855,2.26,2.092,1.359,2.691,1.849,2.563,1.806,2.788,1.799,2.998,1.849,1.722
52.5,1.735,3.545,1.753,2.035,2.438,1.567,3.103,1.747,2.282,1.885,2.553,1.789,2.692,2.276,1.583
52.6,1.894,3.589,1.65,2.309,2.141,1.454,2.787,1.702,2.269,1.668,2.689,1.803,2.611,1.838,1.764
52.7,1.768,2.572,1.764,2.357,2.623,1.503,2.752,1.569,2.391,1.915,2.425,2.171,2.691,1.941,1.59
52.8,1.683,3.099,1.881,2.503,2.38,1.505,2.923,1.959,2.775,1.879,2.755,1.583,2.775,1.876,1.748
52.9,1.977,3.086,1.872,2.584,2.155,1.403,2.618,1.865,2.638,1.71,2.526,1.825,2.624,1.94,1.338
53,2.361,3.423,1.855,2.236,2.084,1.451,2.637,2.344,2.391,2.028,2.283,1.989,2.725,1.714,1.392
53.1,2.322,3.726,1.981,1.897,2.248,1.438,2.644,2.497,2.619,1.995,2.358,1.658,2.753,1.816,1.471
53.2,2.419,3.642,1.723,2.125,2.266,1.633,3.026,2.109,2.714,1.538,2.578,1.424,2.26,1.741,1.529
53.3,2.054,3.616,1.948,2.511,2.025,1.706,2.812,2.585,3.023,1.927,2.559,1.272,2.368,1.739,1.572
53.4,2.267,3.648,2.013,2.161,2.401,1.452,2.569,2.33,2.56,1.935,2.351,1.653,2.801,1.574,1.565
53.5,2.059,3.156,2.133,2.03,2.896,1.654,2.748,2.478,2.37,1.681,2.667,1.793,2.28,1.597,1.537
53.6,1.498,3.09,1.965,1.893,2.147,1.278,2.458,2.574,2.187,2.044,2.266,1.48,2.325,1.765,1.504
53.7,1.559,3.628,1.739,2.078,2.024,1.686,2.689,2.746,2.226,1.509,2.875,1.507,2.389,1.648,1.64
53.8,1.76,3.224,1.981,2.135,2.228,1.498,2.494,2.072,2.206,1.742,2.308,1.509,2.502,1.401,1.751
53.9,1.673,3.52,2.007,2.325,1.793,1.611,2.974,2.042,2.297,1.745,2.527,1.672,2.835,1.696,1.765
54,1.455,3.205,2.164,2.18,1.865,1.533,2.577,2.238,2.271,1.797,2.627,1.452,2.677,1.438,1.97
54.1,1.693,3.52,2.298,2.155,2.151,1.327,2.358,2.602,2.107,1.823,2.144,1.682,2.53,1.46,2.048
54.2,1.567,2.841,2.101,2.577,1.903,1.567,2.701,2.721,2.266,2.044,2.679,1.515,2.521,1.546,1.896
54.3,1.837,3.191,2.146,2.197,2.082,1.592,2.851,2.176,2.115,1.85,2.626,1.726,2.863,1.46,2.113
54.4,1.654,3.232,1.803,2.284,2.211,1.413,2.713,2.304,2.271,1.76,2.126,1.528,2.615,1.529,1.691
54.5,1.667,3.241,2.237,1.798,1.794,1.632,3.215,1.914,2.389,1.67,2.194,1.792,2.535,1.518,1.518
54.6,1.582,3.094,2.737,2.349,2.088,1.478,2.783,2.382,2.512,1.666,2.158,1.845,2.345,1.493,2.071
54.7,1.502,3.192,2.38,2.137,2.131,1.61,2.501,2.086,2.332,1.839,2.227,1.607,2.181,1.669,2.088
54.8,1.787,3.237,1.857,2.373,1.912,1.52,2.407,1.762,2.422,1.607,2.38,1.433,2.056,1.691,3.309
54.9,1.677,3.32,2.056,2.232,2.123,1.386,2.833,2.068,2.137,1.741,2.572,1.704,2.199,1.861,2.614
55,1.6,3.341,2.267,2.334,2.148,1.504,2.578,2.17,1.974,1.95,2.229,1.667,2.053,1.63,2.237
55.1,1.701,3.427,2.287,1.836,2.571,1.354,2.549,2.42,2.313,1.833,2.194,1.557,2.155,1.48,2.081
55.2,1.885,3.021,1.694,1.984,2.38,1.823,3.168,2.078,2.249,1.577,2.465,1.553,2.578,1.571,1.8
55.3,1.631,3.183,1.892,2.114,2.078,1.613,3.067,1.729,1.797,1.829,2.439,1.422,2.009,1.506,1.45
55.4,1.655,3.217,1.953,2.392,2.006,1.585,3.258,1.732,1.686,1.85,2.624,1.479,2.24,1.798,2.077
55.5,1.814,3.288,2.144,1.957,2.148,1.354,3.097,1.783,1.821,1.834,1.757,1.453,2.107,1.866,1.86
55.6,1.259,3.44,2.162,2.397,2.522,1.536,3.29,1.76,1.846,2.121,2.329,1.453,2.149,1.324,1.708
55.7,1.45,3.17,1.825,2.117,2.38,1.653,2.855,1.82,2.134,1.794,2.126,1.556,2.442,1.522,1.777
55.8,1.628,3.6,1.887,2.307,2.245,1.779,3.22,1.838,2.473,1.662,2.736,1.666,1.918,1.536,1.643
55.9,1.579,3.425,1.94,2.393,2.397,1.477,3.013,1.817,2.497,1.69,2.308,1.507,1.965,1.487,1.897
56,1.827,3.502,1.718,2.374,2.115,1.361,3.056,1.75,2.326,1.798,2.398,1.595,1.926,1.511,2.094
56.1,2.12,3.473,1.777,2.415,1.796,1.661,2.741,1.909,2.387,1.904,2.632,1.559,1.782,1.607,2.047
56.2,1.956,3.585,1.902,2.234,2.525,1.536,2.676,2.591,2.523,1.928,2.461,1.418,1.881,1.542,1.785
56.3,1.736,3.279,1.76,2.178,2.773,1.463,2.842,2.038,2.089,2.749,2.689,1.471,1.918,1.576,1.769
56.4,1.477,3.392,1.737,2.025,2.63,1.524,3.109,2.009,1.892,1.849,2.905,2.129,2.104,1.739,2.076
56.5,1.571,3.305,1.654,1.881,2.184,1.618,3.212,2.378,2.225,1.522,2.279,1.622,1.868,1.553,1.572
56.6,1.872,2.783,1.729,2.191,2.63,1.821,3.31,2.076,1.932,1.873,2.207,1.428,2.012,1.762,1.596
56.7,1.7,3.467,1.791,2.274,2.411,1.715,3.009,1.874,2.276,1.858,2.68,1.504,1.867,1.358,1.774
56.8,1.775,3.726,1.898,2.396,2.431,1.798,3.081,2.122,2.217,1.828,2.413,1.354,1.974,1.473,1.671
56.9,1.756,3.548,1.713,2.3,2.783,2.02,2.932,1.923,2.1,1.911,2.697,1.69,1.836,1.557,1.591
57,1.682,3.599,1.724,2.128,2.405,1.743,3.11,2.455,2.395,1.923,2.224,1.684,1.811,1.593,1.943
57.1,1.636,3.367,1.727,2.103,2.766,1.571,3.283,2.335,2.435,1.852,2.115,1.561,2.243,1.717,1.653
57.2,2.307,3.379,1.69,2.191,2.473,1.864,3.08,2.296,2.801,1.861,1.99,1.335,2.12,1.9,1.782
57.3,2.165,2.873,2.021,2.424,2.172,1.948,3.188,2.057,2.351,1.746,1.834,1.409,2.426,1.534,1.898
57.4,2.101,3.625,1.882,2.385,2.208,1.755,3.159,2.628,2.393,1.643,2.032,1.755,2.042,1.796,1.716
57.5,1.789,3.182,1.874,2.063,2.099,1.52,2.775,1.986,2.507,1.959,2.183,1.718,2.146,1.632,1.702
57.6,1.776,3.082,1.8,1.875,2.109,1.99,3.132,2.157,2.407,1.885,3.142,1.6,2.024,1.665,1.634
57.7,1.683,3.102,1.553,1.683,2.592,1.649,3.428,2.305,1.885,1.893,2.596,1.881,2.313,1.799,1.684
57.8,1.653,3.072,1.868,1.9,2.182,1.636,2.939,2.286,2.097,2.204,2.855,1.829,2.217,1.382,1.624
57.9,1.724,3.278,1.842,2.209,2.186,1.643,3.174,1.975,2.005,2.017,2.673,1.848,1.986,1.42,1.898
58,1.821,3.274,1.837,2.316,2.391,1.794,2.947,2.176,2.107,1.933,2.233,1.656,1.981,1.777,1.747
58.1,1.559,2.927,1.767,2.556,3.166,1.693,3.428,2.214,2.148,1.69,2.478,1.318,2.143,1.722,1.688
58.2,1.599,3.587,1.716,2.296,2.576,1.8,3.231,2.12,2.57,1.769,2.193,1.359,1.777,1.36,2.058
58.3,1.407,3.249,1.889,2.055,2.435,1.748,2.921,2.601,2.336,2.022,2.518,1.697,1.887,1.595,2.014
58.4,1.727,3.242,1.817,2.201,2.158,1.673,3.421,2.511,2.532,1.785,2.771,1.638,2.326,1.722,1.896
58.5,1.997,3.022,1.686,2.353,2.492,1.628,2.956,2.343,2.178,1.596,2.663,1.508,2.071,1.701,2.012
58.6,1.803,2.997,1.603,2.76,2.173,1.753,2.995,2.373,2.065,1.868,2.487,1.731,2.338,1.69,2.064
58.7,2.027,3.454,1.633,1.955,2.499,1.795,3.149,2.058,2.255,1.521,2.936,1.531,2.356,1.814,1.705
58.8,1.839,3.365,1.557,2.493,2.764,1.853,3.406,2.17,2.619,1.828,3.078,1.63,2.016,1.424,2.027
58.9,2.474,3.733,1.76,2.471,1.895,1.99,4.071,1.84,2.424,1.731,2.949,1.65,1.872,1.525,1.615
59,1.909,3.387,1.72,2.13,2.183,2.421,3.575,2.049,1.965,1.786,2.384,1.678,2.057,1.569,1.858
59.1,1.847,3.241,1.918,2.423,2.387,2.149,3.133,1.661,2.064,1.642,2.882,1.726,1.992,1.604,1.659
59.2,1.884,2.941,2.215,2.585,2.48,2.029,3.255,2.373,2.038,1.891,3.053,1.884,1.859,1.261,1.492
59.3,1.713,3.619,2.429,2.398,2.98,2.026,3.168,2.283,2.034,1.659,3.462,1.504,2.117,1.333,1.778
59.4,1.802,3.663,2.552,2.309,3.385,2.304,3.547,2.144,2.166,1.726,3.303,1.725,2.315,1.246,1.825
59.5,1.726,3.337,2.101,1.936,2.499,1.896,3.715,1.83,2.198,1.519,3.213,1.431,2.328,1.257,1.789
59.6,1.758,3.082,1.89,2.118,2.866,1.938,3.28,1.87,2.319,1.488,2.846,1.721,2.346,1.394,1.961
59.7,1.598,3.58,1.847,2.199,2.756,1.948,3.43,2.204,2.095,1.651,3.274,1.929,2.237,1.371,1.732
59.8,2.161,3.486,1.978,2.129,2.05,1.727,3.033,1.925,1.916,1.716,3.439,1.697,2.088,1.362,1.967
59.9,2.311,3.278,2.182,2.765,2.305,1.948,3.3,2.07,1.9,1.738,2.848,1.608,1.918,1.515,2.196
60,1.758,3.328,2.018,2.307,3.076,1.937,2.933,1.847,2.084,1.628,2.931,1.547,1.877,1.383,2.039
60.1,1.789,3.213,1.98,2.702,2.843,1.667,3.744,1.935,2.212,1.774,2.792,1.919,2.142,1.434,1.994
60.2,1.638,3.283,1.866,2.917,2.792,1.71,3.475,2.268,2.191,1.809,3.502,1.955,2.361,1.809,1.657
60.3,2.053,3.487,1.922,2.492,2.474,2.03,3.226,2.301,2.59,1.953,3.141,1.697,2.014,1.993,2.055
60.4,1.693,3.263,2.016,2.267,2.99,1.774,3.089,2.104,1.775,2.437,3.125,1.726,2.247,1.686,2.155
60.5,1.786,3.468,2.11,2.389,2.577,1.773,3.283,1.664,1.792,1.949,3.24,1.83,2.338,1.35,1.53
60.6,1.663,3.188,1.708,1.714,2.25,1.668,3.143,1.978,2.126,1.568,3.042,1.729,2.285,1.392,1.872
60.7,1.878,3.743,2.158,2.124,2.506,1.805,2.852,1.995,2.477,1.534,3.155,1.825,1.946,1.485,1.635
60.8,1.365,2.991,1.899,2.285,2.247,1.702,2.835,1.931,2.33,1.414,3.226,1.7,2.008,1.36,1.983
60.9,1.83,3.471,2.17,2.419,2.317,1.706,2.955,2.436,2.149,2.077,3.565,2.058,1.917,1.425,1.979
61,1.687,3.31,2.128,2.381,2.06,1.804,2.781,2.246,2.152,1.473,2.999,1.731,1.835,1.681,1.768
61.1,1.557,2.908,1.962,2.525,1.605,1.734,3.068,2.284,2.302,1.895,2.968,1.539,2.135,1.404,1.586
61.2,1.881,3.11,2.126,2.495,1.848,2.092,3.347,2.065,1.925,2.159,3.025,1.358,2.155,1.513,1.716
61.3,1.92,2.874,2.096,2.474,1.718,1.58,3.088,2.105,1.805,2.049,3.143,1.611,1.92,1.673,1.979
61.4,1.705,2.768,1.773,2.736,1.861,1.63,3.415,1.774,1.938,1.755,3.114,1.981,1.432,1.257,2.164
61.5,1.978,2.61,1.828,2.666,2.087,1.77,3.303,1.683,2.011,1.758,3.46,1.632,2.238,1.413,2.25
61.6,1.52,3.107,1.995,2.732,1.592,1.698,3.329,1.745,1.903,1.852,3.47,1.929,1.872,1.289,1.894
61.7,1.972,3.502,1.943,2.565,2.413,1.635,3.045,1.717,2.226,1.792,3.451,1.59,2.078,1.532,2.072
61.8,2.035,3.519,2.021,2.395,1.68,1.676,2.286,1.64,1.953,1.733,3.782,1.743,1.893,1.331,2.103
61.9,1.881,3.336,2.066,2.36,1.746,1.813,2.665,1.801,2.334,1.771,3.977,1.773,1.845,1.366,1.548
62,2.107,3.045,2.204,2.624,1.929,1.862,3.029,1.647,1.902,1.88,3.993,1.632,2.068,1.513,1.787
62.1,1.807,3.122,2.308,2.548,2.159,2.01,3.033,1.843,2.118,2.095,3.385,1.471,1.892,1.222,1.858
62.2,1.807,2.952,2.066,2.812,1.85,1.932,3.038,2.355,2.146,1.5,3.432,1.713,2.097,1.51,1.801
62.3,2.408,3.295,2.311,2.465,2.069,1.82,2.822,1.876,2.038,1.346,3.346,1.547,2.192,1.509,1.76
62.4,2.368,3.122,2.664,2.393,2.092,1.892,2.97,2.121,2.366,1.576,3.619,1.758,2.35,1.48,1.893
62.5,2.375,3.24,2.599,2.24,1.685,1.99,3.055,1.96,2.398,1.492,3.842,1.762,2.006,1.615,1.963
62.6,1.9,3.186,2.264,2.175,1.899,1.869,3.29,1.801,2.126,1.53,3.488,1.683,1.814,1.311,1.841
62.7,1.525,2.974,1.991,2.2,1.956,1.644,2.887,2.087,2.604,1.89,3.776,1.507,1.631,1.459,1.592
62.8,2.026,2.973,1.818,2.373,2.166,1.714,3.21,2.004,2.288,1.752,3.639,1.683,1.746,1.654,1.489
62.9,1.972,3.548,1.815,2.337,2.096,1.788,2.932,1.742,2.341,1.632,3.446,1.481,1.685,1.898,1.674
63,2.129,3.157,2.066,2.575,2.076,1.683,2.783,1.945,2.437,2.161,2.914,1.748,1.547,1.613,1.88
63.1,1.771,3.143,2.339,2.548,1.771,1.526,2.978,2.019,2.295,1.726,3.343,1.452,1.474,1.425,1.794
63.2,1.825,3.338,1.914,2.644,2.019,1.946,2.811,1.746,2.342,2.061,2.942,1.785,1.767,1.608,1.871
63.3,1.794,3.287,2.252,2.427,2.327,1.934,2.836,1.974,2.244,1.661,3.245,1.548,1.77,1.825,1.634
63.4,1.806,3.34,1.852,2.414,2.201,1.708,2.795,1.839,2.404,1.718,4.717,1.516,2.014,1.768,1.765
63.5,2.355,3.351,1.837,2.406,2.381,1.619,2.759,2.018,2.317,1.595,4.282,1.497,1.827,1.861,1.576
63.6,2.001,3.384,2.125,2.538,2.412,2.06,2.521,1.833,2.508,1.778,4.026,1.743,1.871,1.543,1.564
63.7,1.918,3.597,1.716,2.633,2.351,1.844,2.53,1.74,2.89,1.536,3.779,1.6,1.896,1.46,1.563
63.8,2.025,3.718,1.955,2.45,2.068,1.706,2.565,1.766,2.636,1.896,3.79,1.614,1.494,1.493,1.589
63.9,1.719,3.617,1.632,2.672,2.062,1.744,3.052,2.254,2.679,1.893,3.665,1.502,1.669,1.709,1.482
64,2.015,3.789,1.935,2.988,2.131,1.714,2.738,1.974,2.686,1.96,3.659,1.573,1.415,2.056,1.795
64.1,2.535,3.733,2.262,2.665,2.143,1.67,2.71,2.177,2.615,1.549,3.419,1.539,1.306,1.609,1.486
64.2,2.001,3.779,2.088,2.728,1.882,1.647,2.836,2.157,2.812,1.649,3.131,1.472,1.381,2.043,1.566
64.3,1.7,3.765,2.154,2.597,1.933,1.511,3.245,1.908,2.842,1.512,3.334,1.528,1.432,2.004,1.605
64.4,1.829,3.415,1.984,2.538,2.042,1.75,2.631,2.326,2.75,1.807,3.105,1.826,1.633,1.472,1.548
64.5,1.644,3.469,1.789,2.473,1.899,1.825,2.8,2.136,2.68,1.651,3.609,1.743,1.475,1.433,1.618
64.6,1.667,3.205,2.065,2.349,2.003,1.643,2.817,1.934,3.3,1.635,3.729,1.753,1.763,1.394,1.568
64.7,1.985,3.694,1.983,2.865,2.026,1.572,2.373,1.989,2.925,1.925,3.605,1.893,1.876,1.814,1.436
64.8,1.614,3.376,1.852,2.267,2.007,1.722,2.707,2.241,3.099,1.882,3.584,2.022,1.693,1.561,1.412
64.9,1.931,3.293,2.013,2.222,2.253,1.689,2.428,2.577,3.36,1.787,3.162,1.606,2.137,1.597,1.706
65,1.906,3.413,1.852,2.636,2.197,1.527,2.754,2.124,2.396,2.146,3.627,1.61,1.803,1.522,1.447
65.1,1.942,3.07,2.235,2.824,2.172,1.872,2.355,2.583,2.792,1.533,2.923,2.59,1.816,1.25,1.593
65.2,1.862,3.359,2.129,2.666,1.999,1.456,2.506,2.118,2.595,1.64,2.666,1.804,1.828,1.698,1.537
65.3,2.285,3.015,1.943,2.657,2.188,1.944,2.625,2.244,2.319,1.741,3.105,1.8,1.836,1.604,1.377
65.4,1.991,3.464,2.064,2.644,2.25,1.546,2.397,2.263,2.711,1.679,3.348,1.658,1.667,1.79,1.578
65.5,1.734,3.685,2.133,2.583,2.351,1.53,2.644,2.405,2.13,1.874,3.354,1.489,1.556,1.389,1.876
65.6,1.909,3.019,1.938,3.21,2.257,1.598,2.353,2.182,2.312,1.876,3.133,1.682,1.632,1.814,2.12
65.7,2.148,3.295,1.606,2.952,2.459,1.919,2.276,1.95,2.334,1.771,3.151,1.482,1.39,1.469,2.003
65.8,2.094,3.529,1.932,2.894,2.223,1.628,2.718,1.678,2.762,1.702,3.731,1.705,1.665,1.682,1.949
65.9,2.161,3.55,2.038,2.734,2.36,1.764,2.593,2,2.654,1.97,3.126,1.692,1.68,1.897,1.617
66,1.982,3.561,1.888,2.723,2.61,1.445,2.548,2.209,2.974,2.166,2.665,1.853,1.517,1.834,1.687
66.1,1.817,3.4,2.08,2.661,2.274,1.68,2.497,2.101,2.559,1.994,2.849,1.456,1.328,1.59,1.99
66.2,1.558,3.442,2.072,2.545,2.078,1.574,2.882,2.014,2.527,1.847,3.017,1.451,1.85,1.474,1.865
66.3,1.637,3.604,1.824,2.475,2.28,1.581,2.817,2.758,2.895,1.729,2.654,1.526,1.77,1.469,1.961
66.4,1.767,3.465,1.852,2.713,2.393,1.569,2.848,2.696,2.715,1.973,2.921,1.536,1.603,1.707,1.681
66.5,1.975,3.918,1.835,2.603,2.081,1.578,2.932,2.63,3.402,1.871,2.567,1.668,1.613,1.545,1.945
66.6,1.658,3.738,2.058,2.756,2.009,1.702,3.302,2.694,2.892,1.52,2.589,1.973,1.398,1.898,2.123
66.7,1.805,4.097,2.052,2.652,2.155,1.546,2.82,2.254,3.108,1.828,2.155,1.887,1.507,1.862,2.328
66.8,2.339,3.666,1.96,2.587,2.288,1.615,2.887,2.869,3.24,1.877,2.788,1.739,1.403,2.021,2.06
66.9,2.036,3.962,2.217,2.978,2.116,1.513,3.29,2.585,2.873,1.771,3.272,1.794,1.528,1.834,2.127
67,1.81,3.692,2.211,2.94,2.18,1.781,3.257,2.487,2.928,1.587,3.506,1.576,1.731,1.874,1.715
67.1,2.204,3.567,2.452,2.415,2.051,1.512,2.594,2.318,3.11,1.729,3.223,1.392,1.914,1.829,1.705
67.2,1.906,3.819,1.922,2.375,1.769,1.572,2.939,2.309,3.433,1.815,2.76,1.465,1.669,1.535,1.729
67.3,1.724,3.566,1.676,2.363,2.002,1.526,2.596,1.933,2.781,1.538,2.814,2.034,1.844,1.602,1.493
67.4,1.943,3.601,1.543,2.776,2.127,1.781,2.545,1.969,2.713,1.584,3.459,1.588,1.637,1.773,1.657
67.5,1.871,3.541,1.745,2.504,2.203,1.665,2.656,2.049,2.548,1.718,3.412,1.648,1.845,1.882,1.878
67.6,1.702,3.556,1.78,2.447,2.089,1.935,2.661,1.603,2.171,1.698,3.311,1.7,2.039,1.948,1.723
67.7,2.219,3.958,1.701,2.415,2.391,1.917,2.767,2.14,2.222,1.939,3.498,1.588,1.481,1.792,1.604
67.8,2.126,3.663,1.56,2.717,2.464,1.823,3.039,2.003,2.379,1.896,2.84,1.362,1.542,1.969,1.891
67.9,2.085,3.558,1.891,2.551,2.217,2.103,2.651,2.119,2.219,2.075,3.004,1.817,1.668,1.678,1.823
68,2.214,4.105,1.843,2.591,2.548,1.758,2.701,2.04,1.749,2.065,2.969,1.551,1.35,1.777,1.664
68.1,2.409,3.593,1.623,2.765,2.657,1.843,3.014,1.627,2.509,2.131,2.53,1.3,1.404,1.966,1.628
68.2,2.538,3.965,1.734,2.431,2.114,1.672,3.172,1.93,2.708,2.158,2.563,1.82,1.478,1.494,2.042
68.3,1.904,3.843,1.806,2.415,2.282,2.343,2.937,1.974,2.694,2.157,3.185,1.623,1.329,1.324,1.661
68.4,2.629,4.122,2.05,2.513,2.283,2.005,3.101,2.044,2.792,1.963,2.679,1.532,1.499,1.651,1.569
68.5,2.724,4.181,1.934,2.764,2.126,1.916,3.048,1.875,3.052,1.974,3.174,1.875,1.469,1.643,1.595
68.6,2.209,3.987,1.853,2.703,1.981,1.545,3.082,2.276,2.857,2.136,3.133,1.678,1.69,1.718,1.561
68.7,2.168,3.503,1.839,2.891,2.512,1.597,3.567,2.135,2.621,2.021,2.875,1.935,1.393,1.753,1.396
68.8,2.55,3.575,1.775,2.839,2.477,1.64,3.051,1.937,2.908,2.088,3.09,1.571,1.341,1.831,1.772
68.9,2.307,3.635,1.646,2.778,2.683,1.869,3,1.919,2.846,1.933,2.793,1.584,1.364,1.627,1.505
69,2.024,3.427,1.705,2.842,2.702,1.468,3.06,1.801,2.747,1.782,2.697,1.845,1.353,1.829,1.657
69.1,1.934,3.292,2.021,2.561,2.489,1.631,3.19,1.547,2.518,1.731,2.84,1.646,1.281,1.745,1.452
69.2,2.266,3.342,1.835,2.646,1.899,1.769,3.22,2.257,2.823,1.53,3.126,1.5,1.48,2.026,1.814
69.3,2.21,3.5,1.843,2.718,1.994,1.522,3.402,1.602,2.968,1.886,3.145,1.611,1.315,1.696,1.527
69.4,2.452,3.551,1.86,2.904,2.018,1.902,2.867,1.811,3.152,1.966,2.963,1.731,1.679,1.621,1.598
69.5,2.293,3.224,1.748,2.473,1.672,1.645,2.89,1.624,3.496,1.833,3.039,1.978,1.539,1.761,1.584
69.6,2.369,3.635,1.612,2.777,2.119,1.972,2.88,1.937,2.651,1.879,3.377,1.636,1.46,1.691,1.617
69.7,2.194,3.907,1.642,2.88,2.008,1.816,3.186,2.324,2.872,1.591,2.836,1.676,1.64,1.819,1.688
69.8,2.37,3.381,1.607,3.29,1.794,1.781,2.817,2.086,2.955,1.776,2.663,1.509,1.644,1.929,1.688
69.9,2.164,3.282,1.707,2.871,2.106,1.755,3.401,2.544,2.584,1.561,2.94,1.847,1.451,2.048,1.418
70,2.522,4.287,1.696,2.772,1.74,1.573,2.91,1.952,2.481,1.634,2.373,1.401,1.519,1.726,1.777
70.1,2.502,3.964,1.607,2.989,1.99,1.763,3.106,1.931,2.126,1.673,2.416,1.604,1.544,1.673,1.803
70.2,2.084,3.488,1.686,2.939,1.791,1.683,2.673,2.121,2.413,1.656,2.23,1.548,1.482,1.92,1.68
70.3,2.113,3.615,1.769,2.785,1.879,1.786,2.864,1.94,2.176,1.452,2.374,1.667,1.475,1.609,1.579
70.4,1.992,3.789,1.794,3.18,2.139,1.658,2.645,2.167,2.125,1.801,2.607,1.585,1.951,1.62,1.744
70.5,2.3,3.735,2.009,3.338,1.927,1.835,2.93,2.216,2.161,2.003,2.722,1.525,1.759,1.654,2.153
70.6,2.355,3.459,1.749,3.284,2.026,1.423,2.573,2.352,1.953,1.701,2.618,1.766,1.618,2.225,1.834
70.7,2.668,3.842,1.738,3.551,2.035,1.83,3.171,2.649,2.229,1.661,2.327,1.998,1.435,1.951,2.053
70.8,1.981,3.819,1.621,2.819,2.198,1.644,2.947,2.39,2.325,1.956,2.304,2.177,1.558,1.894,1.813
70.9,2.078,3.712,1.68,3.248,1.526,1.632,3.133,2.539,2.139,1.675,2.247,1.462,1.523,1.815,1.425
71,2.361,3.866,1.61,3.077,2.073,1.703,2.721,2.603,2.255,1.734,2.375,1.575,1.408,1.856,1.627
71.1,2.057,3.666,1.741,2.822,2.049,1.344,2.865,2.259,1.866,1.54,2.769,1.392,1.508,1.845,1.71
71.2,1.949,3.591,1.77,3.009,2.019,1.725,3.16,2.135,1.544,1.818,2.529,1.88,1.715,2.146,1.53
71.3,2.118,4.059,1.731,3.065,1.963,1.509,2.779,2.17,1.654,1.744,2.376,2.05,1.539,1.825,1.582
71.4,1.867,3.966,1.694,2.873,1.878,1.612,3.266,2.657,1.689,2.452,2.646,2.031,1.216,1.836,1.286
71.5,2.093,4.291,1.61,2.883,1.982,1.81,3.132,2.36,1.698,2.015,2.369,1.924,1.705,1.6,1.223
71.6,2.44,3.55,1.557,2.789,1.952,2.556,2.904,2.34,1.702,2.03,2.624,1.894,1.621,1.462,1.618
71.7,2.449,3.618,1.839,2.903,1.821,2.229,2.939,1.892,1.609,1.818,3.037,1.702,1.531,1.974,1.624
71.8,2.016,4.006,1.504,3.44,1.9,2.002,2.937,2.147,1.673,1.881,2.339,1.863,1.517,1.768,1.451
71.9,2.62,4.271,1.562,2.963,2.155,2.294,2.709,1.955,1.971,1.841,2.214,1.795,1.51,1.991,1.515
72,2.369,4.106,1.74,2.856,1.975,1.884,2.733,2.354,1.705,2.004,2.711,1.589,1.947,1.683,1.234
72.1,2.251,4.367,1.657,3.111,2.024,2.264,2.702,2.43,1.955,1.662,3.035,1.736,2.238,1.864,1.376
72.2,2.545,4.596,2.027,3.098,1.914,1.934,2.653,2.423,2.068,1.678,2.951,1.604,2.013,1.99,1.376
72.3,1.716,4.374,1.845,2.755,1.613,1.925,2.57,2.366,2.118,1.773,2.872,1.885,2.042,1.78,1.535
72.4,1.908,3.926,1.7,2.237,2.009,1.633,2.402,2.12,2.216,1.571,2.841,1.688,2.036,1.531,1.291
72.5,2.284,4.17,1.856,2.543,1.94,2.147,2.778,2.186,2.442,2.005,2.958,1.428,1.982,2.036,1.322
72.6,1.582,3.92,2.068,3.08,2.231,1.862,2.852,2.823,2.219,1.556,2.402,1.613,1.958,2.202,1.271
72.7,1.747,3.996,1.904,2.891,1.99,2.03,2.866,2.989,1.871,1.949,2.94,1.459,1.971,2.31,1.574
72.8,1.775,3.813,2.137,2.586,1.896,2.021,2.786,2.539,2.206,2.123,3.25,1.815,1.73,2.056,1.569
72.9,1.777,4.376,2.098,2.805,1.826,2.345,2.233,1.975,2.049,1.815,2.698,1.541,1.528,1.874,1.766
73,1.447,3.843,2.237,2.645,1.944,1.742,2.572,1.936,2.076,1.642,2.78,1.622,1.624,1.807,1.363
73.1,1.665,4.162,1.919,2.381,1.859,1.622,2.392,1.892,1.939,1.736,2.468,1.768,1.297,1.988,1.503
73.2,1.853,3.984,2.238,2.795,2.003,1.839,2.485,1.958,1.746,1.948,2.307,1.756,1.434,2.047,1.978
73.3,2.101,3.983,2.081,2.788,1.725,1.66,2.35,1.993,1.657,1.813,2.84,2.045,1.359,1.651,1.879
73.4,1.992,4.099,2.364,2.337,1.667,1.376,2.376,1.861,1.807,1.712,2.456,1.439,1.405,1.888,1.995
73.5,1.733,4.486,2.099,2.624,1.804,1.548,2.808,2.305,2.368,1.667,2.368,1.525,1.614,1.747,1.517
73.6,1.385,4.276,1.638,2.665,1.863,1.941,2.367,2.127,2.331,1.743,2.74,1.96,1.729,2.197,1.233
73.7,1.507,4.387,1.658,2.587,1.799,1.497,2.712,2.33,2.633,1.633,2.779,1.564,1.525,2.092,1.527
73.8,1.74,4.569,1.505,2.418,1.792,1.642,2.341,2.136,2.458,1.771,2.322,1.842,1.55,1.945,1.377
73.9,1.863,4.362,1.611,2.504,1.802,1.772,2.522,2.001,3.105,1.81,2.362,1.292,1.562,1.769,1.233
74,2.004,4.333,1.85,2.743,1.964,1.613,2.776,1.839,2.719,1.656,2.16,1.463,1.416,1.922,1.481
74.1,2.089,4.382,1.707,3.05,1.937,1.736,2.985,1.902,3.106,1.942,2.499,1.44,1.201,2.245,1.574
74.2,1.954,4.251,1.799,2.688,1.731,1.715,2.774,2.275,2.686,1.831,2.569,1.372,1.613,2.346,1.55
74.3,1.849,4.57,2.2,2.681,1.666,1.881,2.821,2.358,2.843,1.67,2.788,1.326,1.477,2.106,1.915
74.4,1.52,4.087,1.771,2.702,1.704,1.524,2.866,2.189,2.631,1.877,2.77,1.504,1.423,2.628,1.484
74.5,1.784,4.278,1.753,2.614,1.896,1.718,2.621,2.007,2.298,1.618,2.414,1.666,1.539,2.35,1.496
74.6,1.588,4.015,1.774,2.327,1.704,1.523,2.972,1.816,2.621,1.849,2.425,1.616,1.45,1.879,1.547
74.7,1.614,4.1,1.651,2.37,2.067,1.813,2.881,2.071,2.772,1.683,2.742,1.497,1.269,1.897,1.649
74.8,2.217,4.319,1.836,2.894,1.47,1.725,2.79,1.7,2.436,1.579,2.683,1.828,1.557,1.847,1.634
74.9,1.851,4.213,1.736,2.802,1.787,2.085,2.908,1.754,2.449,1.95,2.203,1.657,1.726,1.97,1.491
75,1.74,3.887,1.684,3.053,1.974,2.06,3.049,2.214,2.832,1.667,2.213,1.548,1.246,1.643,1.538
75.1,1.791,4.078,1.787,2.892,1.733,1.691,2.686,1.605,2.419,1.84,2.511,1.419,1.297,1.96,1.377
75.2,1.723,3.978,1.803,3.09,1.742,1.597,2.611,1.958,2.651,1.684,2.391,1.393,1.497,1.988,1.945
75.3,1.462,4.016,1.899,2.615,1.698,1.863,2.393,1.877,2.778,1.434,3.055,1.678,1.426,2.105,1.787
75.4,1.752,4.125,1.773,2.715,1.628,1.634,2.575,1.804,3.021,2.006,3.804,1.738,1.349,2.274,1.891
75.5,1.509,3.65,1.789,2.596,1.788,1.617,2.409,1.759,3.381,2.061,3.878,1.695,1.16,2.325,2.439
75.6,1.3,3.866,1.77,2.728,1.71,1.703,2.811,1.541,3.089,2.189,3.221,1.706,1.141,1.994,1.642
75.7,1.51,3.891,1.88,2.883,1.609,1.533,3.293,1.587,3.79,2.233,2.8,2.005,1.536,1.933,1.615
75.8,1.944,4.016,1.632,2.78,1.661,1.545,2.831,1.801,3.494,2.064,2.84,1.805,1.277,2.467,1.526
75.9,1.752,3.687,1.778,2.682,1.502,1.997,2.78,1.993,3.207,2.024,3.215,1.756,1.466,2.354,1.434
76,1.728,4.097,2.09,2.643,1.351,1.808,2.735,1.668,3.234,2.085,3.383,1.73,1.724,2.238,1.39
76.1,2.203,4.314,1.905,2.98,1.657,1.913,2.962,1.79,2.842,1.809,2.853,1.592,1.388,1.74,1.637
76.2,2.04,4.5,1.85,2.72,1.634,1.747,3.248,1.83,2.968,1.967,2.806,1.711,1.275,1.835,1.454
76.3,2.121,4.211,1.853,2.37,1.784,1.67,3.004,1.712,2.972,1.75,2.807,1.635,1.271,1.804,1.484
76.4,1.999,4.002,1.998,2.801,1.721,1.745,2.912,1.804,2.754,1.734,3.138,1.499,1.343,1.483,1.642
76.5,1.579,4.082,1.655,2.805,1.505,1.714,2.392,1.703,2.562,1.416,3,1.642,1.305,1.788,2.054
76.6,1.782,4.267,1.961,2.832,1.93,1.631,2.54,1.626,2.928,1.916,2.673,1.832,1.412,1.713,1.815
76.7,1.543,4.713,1.784,2.999,1.739,1.421,2.765,1.742,2.838,2.021,2.875,1.592,1.291,1.677,1.577
76.8,1.761,4.413,1.943,2.706,1.922,1.924,3.074,1.851,2.674,1.861,2.845,1.89,1.401,1.884,1.601
76.9,2,4.582,1.789,2.558,1.6,1.708,3.011,1.7,2.658,2.235,2.932,2.263,1.399,1.859,1.537
77,1.364,4.357,2.184,2.924,1.531,2.056,2.555,2.053,2.334,2.151,3.049,1.875,1.489,1.845,1.586
77.1,2.017,4.593,2.094,2.773,1.506,1.66,2.702,1.765,2.41,1.84,3.013,1.922,1.536,2.035,1.529
77.2,1.885,4.167,2.049,2.781,1.413,1.714,2.675,1.859,2.948,1.827,3.065,1.722,1.554,2.298,1.892
77.3,2.03,4.436,2.354,2.642,1.58,2.031,2.581,2.134,2.659,1.859,2.843,1.979,1.762,2.604,1.814
77.4,1.854,4.443,2.128,2.7,1.605,1.62,2.58,1.976,2.739,1.79,2.766,1.746,1.273,2.501,2.299
77.5,1.769,4.293,2.142,2.871,1.548,1.576,2.398,2.011,2.509,1.785,2.717,1.861,1.701,2.336,1.886
77.6,1.693,4.464,2.069,2.872,1.465,1.592,2.238,1.623,2.611,2.19,2.555,2.026,1.475,2.235,2.076
77.7,1.653,4.274,2.237,2.616,1.823,1.548,2.365,1.695,2.381,2.06,2.95,1.858,1.591,1.813,2.08
77.8,1.496,4.247,2.197,3.254,2.037,1.554,2.236,2.005,2.435,2.284,2.777,1.558,1.534,2.231,2.383
77.9,1.894,3.87,1.976,2.964,1.9,1.779,2.47,1.714,2.777,1.966,2.756,1.816,1.248,1.733,2.035
78,2.027,3.841,1.963,2.776,2.262,1.727,2.358,2.202,3.038,1.581,2.814,1.879,1.62,1.794,1.961
78.1,2.222,3.641,1.788,2.795,2.988,1.799,2.537,1.946,2.771,1.663,3.121,1.968,1.411,1.816,1.577
78.2,2.055,4.077,2.129,2.856,2.272,1.902,2.753,1.58,2.443,1.6,2.977,2.313,1.458,2.112,1.374
78.3,1.997,3.948,2.021,2.693,2.015,1.747,2.681,1.846,2.227,1.451,3.256,1.397,1.706,2.042,1.581
78.4,1.874,3.939,1.614,2.799,2.021,1.979,2.672,1.997,2.839,1.549,3.224,1.559,1.422,1.986,1.689
78.5,1.999,4.06,1.663,3.088,2.348,1.501,2.608,1.771,2.244,1.861,2.883,1.906,1.546,2.356,1.925
78.6,2.081,3.923,1.885,2.941,2.396,1.521,2.5,2.081,2.801,1.638,2.859,1.711,1.394,2.084,1.983
78.7,2.237,4.044,1.951,2.795,1.946,1.809,2.549,1.762,2.357,1.508,2.91,1.542,1.544,2.455,2.417
78.8,1.817,4.028,1.946,2.904,2.25,1.59,2.339,1.849,2.865,1.513,2.774,1.87,1.129,2.308,2.006
78.9,1.846,4.246,1.647,2.485,1.901,1.678,2.181,1.671,2.45,1.522,3.009,1.599,1.418,1.963,2.105
79,1.581,4.024,1.649,2.363,2.157,1.543,2.102,1.781,2.467,1.602,2.826,1.759,1.515,2.13,1.985
79.1,1.956,3.576,1.491,2.286,2.033,1.473,2.318,1.768,2.193,1.368,2.753,1.934,1.611,2.156,2.071
79.2,2.156,3.743,1.878,2.755,1.983,1.612,2.092,1.896,2.27,1.297,2.659,1.932,1.372,1.702,2.562
79.3,2.215,3.886,2.029,3.025,2.617,1.697,2.088,1.559,1.978,1.509,3.098,1.909,1.655,2.093,3.05
79.4,1.967,3.439,1.932,2.65,2.428,1.619,2.017,1.626,2.123,1.474,2.893,1.719,1.742,1.983,2.758
79.5,1.716,3.072,1.665,2.165,2.172,1.481,2.297,1.503,2.345,1.582,2.964,1.971,1.546,2.082,2.716
79.6,2.122,3.418,1.828,2.495,2.365,1.629,2.155,1.838,2.394,1.419,2.54,1.996,1.558,1.969,2.441
79.7,1.812,3.49,1.901,2.344,2.362,1.767,2.388,1.602,2.46,1.582,3.049,2.03,1.752,2.006,2.446
79.8,2.2,4.207,1.704,2.525,1.919,1.686,1.684,1.666,2.24,1.252,2.925,1.992,1.687,1.616,2.552
79.9,2.007,3.799,1.783,2.592,1.964,1.527,2.097,1.755,1.685,1.803,2.534,1.926,1.798,1.45,2.6
80,1.743,4.29,2.057,2.601,1.827,1.722,2.17,1.691,1.978,1.773,2.194,1.774,1.483,1.989,2.416
80.1,1.817,4.135,1.978,2.82,2.202,1.639,2.083,1.781,2.621,1.557,2.406,2.023,1.722,1.991,2.404
80.2,2.1,3.895,1.699,2.693,1.918,1.6,2.12,1.702,2.897,1.716,2.242,2.315,1.464,1.776,2.348
80.3,1.712,4.126,1.767,2.791,1.731,1.772,2.153,2.052,2.031,1.648,2.365,1.952,1.597,2.116,2.396
80.4,1.857,3.683,1.685,2.613,1.812,1.68,2.04,1.64,2.3,1.756,3.004,2.124,2.029,2.239,2.223
80.5,2.245,3.956,1.555,2.477,1.771,1.76,1.921,1.597,2.28,1.757,3.238,2.057,1.933,1.848,2.133
80.6,2.461,4.091,1.878,2.479,2.002,1.449,1.894,1.509,2.217,1.534,2.55,2.173,1.703,1.949,2.106
80.7,2.134,4.564,1.618,2.532,1.895,1.619,1.894,1.817,2.624,1.84,2.656,2.368,1.983,1.981,2.329
80.8,1.713,4.575,2.021,2.561,2.305,1.485,2.236,1.388,2.302,1.671,2.826,2.809,1.494,2.366,1.83
80.9,2.041,4.402,2.056,2.563,2.048,1.406,1.941,1.63,2.182,1.895,3.104,2.56,1.514,2.059,1.705
81,1.886,4.625,2.117,2.934,1.994,1.938,2.175,1.705,2.402,1.53,2.668,2.887,1.557,1.9,1.558
81.1,1.804,4.005,2.398,2.383,2.24,1.615,2.204,1.612,2.089,1.612,2.543,2.572,1.573,2.149,1.589
81.2,1.696,4.685,2.142,2.359,2.54,1.571,2.147,1.557,2.117,1.674,2.462,2.784,1.317,2.101,2.414
81.3,1.839,4.389,1.759,3.085,2.442,1.637,2.024,1.542,2.249,2.069,2.442,2.443,1.485,2.122,1.55
81.4,2.043,4.722,1.848,2.771,2.562,1.577,1.792,1.675,2.158,1.949,2.492,2.523,1.399,2.075,1.774
81.5,2.318,4.388,1.919,2.372,2.18,1.707,1.913,1.561,2.184,1.73,2.619,2.907,1.714,1.833,1.998
81.6,2.169,4.592,1.981,2.342,2.275,2.138,2,1.741,1.773,1.699,2.396,2.748,1.401,1.96,1.825
81.7,2.193,4.69,1.676,2.28,2.011,1.988,2.063,1.936,1.722,1.7,2.641,2.516,1.318,2.13,1.587
81.8,1.895,4.648,1.738,2.371,2.849,1.859,2.557,1.948,2.02,1.557,2.76,2.511,1.449,2.019,2.083
81.9,1.985,4.819,1.808,2.925,2.057,2.267,2.253,2.519,2.24,1.483,2.432,2.257,1.508,1.851,2.036
82,2.145,5.129,1.593,2.685,1.898,2.311,2.011,2.302,2.477,1.537,2.922,2.664,1.406,2.228,2.233
82.1,1.679,4.955,1.669,2.806,2.127,1.642,2.209,1.739,2.604,1.46,2.927,2.552,1.467,1.984,1.969
82.2,1.952,4.205,2.289,2.883,2.487,2.354,2.082,1.86,2.339,1.653,2.739,2.482,1.38,1.784,2.048
82.3,2.385,4.226,2.113,2.624,2.523,1.526,2.353,1.75,2.172,1.424,2.425,2.534,1.44,1.953,2.6
82.4,2.39,4.164,2.337,2.912,2.415,2.005,2.068,1.746,2.339,1.573,2.725,2.628,1.607,2.24,2.595
82.5,2.144,4.275,2.316,2.547,2.01,1.896,2.439,2.012,2.099,1.634,3.016,2.991,1.351,1.956,2.293
82.6,1.832,4.368,2.164,2.73,1.795,1.696,1.96,1.571,1.972,1.725,2.783,2.557,1.404,1.909,2.031
82.7,1.598,4.07,2.155,2.707,2.246,1.903,1.682,1.899,2.228,2.142,2.73,2.846,1.495,1.776,2.373
82.8,2.002,4.207,1.707,2.84,2.004,1.66,1.804,1.677,1.872,1.697,3.28,2.649,1.6,1.982,1.961
82.9,2.22,3.882,2.081,2.687,2.209,1.626,2.136,1.956,1.494,1.598,3.034,2.24,1.486,1.859,1.486
83,2.065,4.23,1.854,2.549,2.329,1.58,2.206,1.947,1.69,1.64,3.231,2.843,1.433,1.887,1.69
83.1,2.224,3.657,2.232,2.558,2.469,1.553,2.143,2.139,2.18,1.953,2.971,2.732,1.43,2.169,1.397
83.2,1.9,4.167,1.893,2.794,2.493,2.113,2.304,1.829,1.76,1.413,3.439,2.531,1.668,1.89,1.46
83.3,1.944,4.544,1.708,2.885,2.183,1.818,2.486,1.628,1.967,1.807,3.253,2.461,1.712,1.969,1.692
83.4,2.115,3.358,1.962,2.474,2.502,1.76,2.452,1.278,1.655,1.818,3.24,2.228,1.744,2.053,1.74
83.5,1.9,3.693,1.951,2.431,1.983,1.571,2.611,1.708,1.849,1.597,3.972,2.459,1.455,1.891,1.497
83.6,2.179,3.989,1.865,2.971,1.868,1.779,2.136,2.166,1.465,1.635,3.758,2.212,1.483,1.88,1.427
83.7,2.143,3.859,2.176,2.456,1.646,1.706,2.409,1.949,1.818,1.758,3.304,2.517,1.912,1.545,1.6
83.8,1.795,3.728,1.789,2.273,1.667,1.954,2.291,1.655,1.699,1.848,3.26,2.418,1.597,1.907,1.451
83.9,1.796,3.885,1.961,2.265,1.975,1.66,2.746,1.974,1.718,1.631,2.638,2.257,1.494,1.901,1.456
84,1.965,3.568,1.892,2.32,2.223,1.627,2.273,1.556,1.694,1.881,3.276,1.908,1.794,2.075,1.534
84.1,1.792,3.938,1.895,2.147,2.42,1.661,2.292,1.926,1.64,1.837,3.321,2.306,2.115,2.138,1.749
84.2,1.952,3.964,1.586,2.385,2.685,1.851,2.507,1.831,1.45,1.715,3.23,2.19,1.695,2.524,1.281
84.3,1.521,4.428,1.761,2.185,2.584,1.835,1.985,2.008,1.62,1.749,3.087,1.814,1.606,2.533,1.355
84.4,1.805,3.951,1.677,2.54,2.32,1.518,2.505,1.92,1.38,1.688,2.698,2.438,1.705,2.388,1.884
84.5,1.916,3.742,1.777,2.35,1.975,1.876,2.709,1.756,1.672,1.94,2.567,2.038,1.594,2.227,1.436
84.6,1.82,3.982,2.109,2.523,1.913,1.603,3.071,1.649,1.678,1.891,3.335,2.008,1.646,1.982,1.289
84.7,1.613,3.967,1.86,2.627,1.877,1.95,2.93,1.967,1.657,1.687,2.624,1.993,1.695,2.388,1.62
84.8,2.108,4.293,1.88,2.677,1.966,1.689,2.695,1.96,1.468,1.645,2.583,2.423,1.626,2.268,1.574
84.9,1.654,4.446,2.027,2.656,2.078,1.813,2.435,1.901,1.771,1.57,3.118,3.037,1.776,2.483,1.607
85,2.031,3.943,1.817,2.457,2.045,1.638,2.345,1.787,1.987,1.61,2.701,2.521,1.831,1.946,1.569
85.1,1.742,3.909,1.854,2.527,2.128,1.735,2.182,1.533,1.994,1.366,2.644,2.537,2.007,2.235,1.485
85.2,1.713,4.266,1.87,2.304,1.923,1.492,2.178,1.623,1.827,1.27,3.203,2.546,2.16,2.294,1.348
85.3,2.061,3.995,1.938,2.549,1.931,1.586,1.97,1.765,1.671,1.541,3.027,2.776,2.047,2.374,2.211
85.4,1.824,3.975,2.029,2.359,2.228,1.634,2.08,1.755,1.933,1.858,3.163,2.438,2.174,2.001,1.928
85.5,1.63,4.04,1.822,2.518,2.639,1.892,1.739,1.845,1.485,1.698,2.92,2.501,1.896,1.771,2.157
85.6,1.477,3.72,2.301,2.09,2.242,1.707,2.35,1.939,1.98,1.894,3.622,2.358,1.807,1.857,2.01
85.7,1.496,3.839,2.281,2.525,2.391,1.956,2.307,1.579,1.89,1.762,3.266,2.215,2.102,1.64,2.245
85.8,1.621,3.924,1.764,2.519,2.35,2.061,2.26,1.621,1.837,1.853,3.744,2.159,1.884,1.951,1.722
85.9,1.98,3.617,1.726,2.423,2.523,2.23,2.247,1.734,1.956,1.638,3.445,2.8,2.015,1.707,1.629
86,1.687,3.971,2.001,2.811,1.879,1.549,1.995,1.607,2.203,1.468,3.79,1.947,1.925,1.735,1.317
86.1,1.592,4.128,1.859,2.964,1.981,1.339,2.337,1.753,2.163,2.023,4.211,2.317,1.631,2.064,1.353
86.2,1.541,3.923,2.044,2.592,1.67,1.856,1.967,1.359,2.38,2.192,4.499,2.91,2.225,1.641,1.571
86.3,1.59,4.089,1.9,2.326,1.939,1.596,2.105,1.45,2.473,1.782,4.187,2.97,1.574,1.488,1.849
86.4,1.6,4.174,1.86,2.371,1.965,1.583,2.183,1.949,2.231,1.608,4.196,2.369,1.39,2.195,1.324
86.5,1.739,4.228,1.631,2.539,1.821,1.576,2.021,1.864,1.605,1.977,4.184,2.252,1.338,2.179,1.313
86.6,1.568,4.306,2.158,2.433,1.878,1.504,1.87,1.52,1.645,1.818,4.103,2.717,1.217,1.955,1.449
86.7,1.497,3.841,1.91,2.331,1.72,1.393,2.054,1.777,1.846,1.837,4.4,2.861,1.346,1.882,1.364
86.8,1.556,3.925,1.881,2.385,1.899,1.911,1.795,1.743,2.286,1.544,4.306,2.334,1.597,1.778,1.602
86.9,1.889,4.045,1.873,2.281,1.745,1.715,2.044,1.872,1.654,1.644,4.367,2.041,1.628,1.914,1.345
87,1.536,4.173,2.014,2.643,1.627,1.739,2.171,1.89,1.939,1.833,4.069,2.13,1.624,2.151,1.338
87.1,1.594,4.062,2.057,2.613,1.626,1.543,1.891,1.704,1.703,1.62,3.981,1.951,1.543,1.919,1.886
87.2,1.622,4.203,1.782,2.777,1.673,1.424,2.052,2.122,1.705,1.555,4.103,1.914,1.358,1.782,1.169
87.3,1.48,3.885,1.732,2.88,1.553,1.436,2.055,1.974,1.849,1.724,3.877,1.533,1.295,1.781,1.312
87.4,1.423,4.123,1.71,2.631,1.645,1.602,1.8,2.679,1.644,1.634,4.063,1.905,1.516,2.042,1.361
87.5,1.342,4.371,2.249,2.48,1.401,1.803,2.052,2.051,2.082,1.707,3.616,1.61,1.412,2.381,1.363
87.6,1.818,4.93,2.02,2.638,1.618,2.258,2.163,1.838,1.917,1.787,4.314,1.755,1.552,2.057,1.514
87.7,1.696,4.731,1.791,2.71,1.501,1.924,2.243,1.726,2.097,1.848,4.44,1.893,1.601,2.166,1.319
87.8,1.753,4.331,2.081,2.709,1.73,1.572,2.036,1.672,1.827,1.952,3.924,1.763,1.742,2.255,1.809
87.9,1.559,4.509,1.93,2.899,2.491,1.671,2.336,1.893,1.922,1.742,4.437,2.104,1.848,1.704,1.244
88,1.79,4.48,1.559,2.899,1.965,1.766,2.109,1.675,1.792,2.019,4.343,1.846,1.463,1.675,1.339
88.1,1.851,4.127,1.686,2.887,1.995,1.766,2.156,1.668,1.928,1.944,4.205,2.116,1.638,1.821,1.937
88.2,1.962,3.777,1.644,2.623,2.63,1.823,2.364,1.854,2.12,1.971,4.211,2.419,1.845,1.506,1.746
88.3,2.126,4.067,1.936,2.591,2.724,1.822,1.899,1.716,2.19,2.193,3.954,2.247,1.916,1.688,1.682
88.4,1.577,4.249,1.709,2.681,2.47,1.658,2.275,1.651,1.936,1.747,3.917,2.089,1.407,1.715,1.94
88.5,1.735,4.18,1.701,2.813,2.638,1.39,2.395,1.948,2.093,2.004,4.126,1.994,1.39,1.968,1.582
88.6,1.848,4.624,1.544,3.014,3.134,1.56,2.18,1.571,2.235,1.226,4.689,1.777,1.708,2.037,1.409
88.7,1.807,4.188,1.563,2.776,2.334,1.537,2.231,1.593,1.923,1.443,4.018,2.017,1.52,1.961,1.231
88.8,1.84,4.407,1.638,2.794,2.263,1.668,2.586,1.365,1.922,1.798,4.254,1.611,1.587,1.689,1.463
88.9,1.628,3.583,2.101,2.831,2.611,1.711,2.766,1.423,1.993,1.42,4.033,1.272,1.873,2.014,1.44
89,1.754,3.798,1.868,3.092,2.335,1.508,2.495,1.525,1.96,1.773,4.161,1.441,1.671,2.269,1.887
89.1,1.746,4.311,1.591,3.088,1.562,1.784,2.54,1.767,1.935,1.97,4.327,1.846,1.947,2.136,1.57
89.2,1.402,4.325,1.567,2.553,2.158,1.513,2.167,1.726,1.862,1.829,4.169,1.736,1.638,1.984,1.633
89.3,1.732,3.584,1.627,2.326,1.775,1.429,2.455,1.681,1.843,2.051,4.712,1.455,1.532,2.139,1.756
89.4,1.984,3.542,1.889,2.345,1.88,1.694,2.425,1.567,1.837,1.76,4.322,2.282,1.672,2.335,1.662
89.5,1.572,3.685,1.988,2.666,2.226,1.657,2.341,1.932,1.783,1.564,4.265,1.538,1.458,2.414,1.525
89.6,1.639,4.113,1.953,2.23,2.187,1.828,2.317,1.512,1.957,2.081,3.962,1.722,1.393,2.251,1.911
89.7,1.285,3.586,1.895,2.332,2.618,1.668,2.63,1.37,1.852,1.763,4.084,1.645,1.812,2.774,1.586
89.8,1.748,4.07,1.862,2.461,2.802,1.639,2.461,1.735,1.745,2.003,3.937,1.698,1.55,2.459,1.676
89.9,2.236,4.603,1.784,2.381,2.88,1.769,2.234,1.61,1.558,1.794,3.98,1.852,1.61,2.438,2.166
90,1.899,4.066,1.67,2.621,2.255,1.894,2.442,1.933,1.945,1.751,4.34,1.443,1.775,2.167,1.766
90.1,1.878,3.984,1.485,2.231,2.333,1.998,2.743,1.828,2.631,1.813,4.077,1.934,1.433,2.412,2.069
90.2,1.937,3.514,1.622,2.377,2.406,1.717,3.113,1.968,1.919,1.613,3.869,1.74,1.505,2.556,2.045
90.3,1.84,3.552,1.855,2.63,2.541,1.844,3.426,1.652,1.871,1.724,4.353,1.781,1.543,2.302,2.024
90.4,1.972,3.644,1.969,2.786,2.179,1.691,3.297,1.773,2.094,1.742,3.62,1.902,1.964,2.266,1.854
90.5,1.552,4.234,1.887,2.896,2.324,1.921,2.58,1.511,1.895,1.891,4.298,1.671,1.838,2.408,1.856
90.6,1.784,4.28,1.801,2.745,2.038,1.595,2.99,1.637,1.997,1.603,4.092,1.744,1.876,2.394,2.016
90.7,1.527,4.08,1.771,2.606,2.198,1.95,2.594,1.651,1.754,1.943,4.295,1.979,1.503,2.435,2.034
90.8,1.708,4.329,1.931,2.524,2.193,1.638,2.481,2.059,1.916,1.807,4.115,1.734,1.879,2.349,2.397
90.9,1.626,4.444,1.546,2.442,1.832,1.43,2.775,2.046,1.785,1.669,4.095,1.615,1.704,2.168,1.845
91,1.361,4.382,2.008,2.193,2.206,1.825,2.679,1.827,1.739,1.732,4.6,1.582,1.908,2.158,1.954
91.1,1.429,4.497,1.601,2.35,2.105,1.593,2.413,2.006,1.733,2.049,4.168,1.755,1.466,2.116,2.264
91.2,1.459,4.644,1.805,2.632,1.8,1.967,2.83,1.685,1.377,1.999,4.34,1.891,1.653,2.009,2.206
91.3,1.308,4.508,1.647,2.341,1.774,1.579,2.95,1.814,1.656,1.989,4.374,1.659,1.586,2.072,1.837
91.4,1.767,3.767,1.736,2.325,2.598,1.757,2.779,1.62,1.601,2.006,4.359,1.767,1.74,2.603,1.75
91.5,1.664,3.899,1.635,2.612,2.378,1.781,2.792,1.624,2.083,1.632,4.576,1.777,1.618,2.559,1.637
91.6,1.429,3.978,1.457,2.603,2.124,1.842,3,1.58,1.568,1.664,4.098,1.744,1.611,2.381,1.529
91.7,1.344,4.002,1.638,2.931,1.903,1.728,2.693,1.73,1.703,1.876,4.203,1.628,1.537,2.46,1.384
91.8,1.705,4.152,1.52,2.743,1.647,1.662,2.902,1.686,1.548,1.858,4.216,1.706,1.877,2.336,1.99
91.9,1.26,4.067,1.661,2.711,2.054,2.58,2.693,1.728,1.858,1.761,4.157,1.45,1.973,2.352,1.618
92,1.388,3.895,1.898,2.813,2.012,1.709,2.656,1.578,1.568,2.043,4.37,1.531,1.677,2.533,1.96
92.1,1.778,3.46,1.578,2.814,1.991,2.102,2.645,1.88,1.605,2.134,3.884,1.432,1.683,2.229,1.912
92.2,1.49,3.842,1.928,2.479,1.773,1.845,2.973,1.807,1.649,1.672,4.037,1.784,1.708,2.144,1.967
92.3,1.577,3.73,1.93,2.876,1.567,1.753,2.472,1.91,1.818,2.049,4.379,1.614,1.67,1.988,2.13
92.4,1.44,4.016,2.264,2.894,1.614,1.74,2.512,1.81,1.645,1.841,4.096,1.546,1.391,2.214,1.819
92.5,1.641,4.21,2.259,2.494,1.752,1.915,2.481,1.655,1.821,1.78,3.728,1.467,1.769,2.155,1.84
92.6,1.482,3.951,2.22,2.801,1.892,1.799,2.727,1.501,1.817,1.651,4.365,1.534,1.695,2.386,1.788
92.7,1.551,3.844,2.67,2.962,2.214,1.595,3.034,1.717,1.757,1.785,4.589,1.487,1.655,2.777,1.722
92.8,1.559,4.366,1.89,2.894,2.115,1.69,2.492,1.715,1.698,1.857,4.46,1.632,1.617,2.387,1.738
92.9,1.746,4.482,2.084,2.838,2.046,1.676,2.266,1.726,1.998,1.757,4.208,1.428,1.81,2.498,1.645
93,1.649,4.043,1.952,3.045,1.509,1.673,2.276,1.949,1.392,1.914,4.592,1.752,1.879,2.012,1.835
93.1,1.783,4.382,2.031,3.136,1.85,1.73,2.615,1.598,1.7,1.563,4.294,1.748,1.806,1.638,2.206
93.2,1.852,4.716,1.93,3.034,1.585,1.6,2.411,1.627,1.438,1.835,4.231,1.829,1.796,2.101,2.32
93.3,1.582,4.414,2.125,2.945,1.617,1.845,2.519,1.688,1.542,1.883,4.274,1.556,1.912,2.09,1.866
93.4,1.742,4.056,1.768,2.88,2.001,1.843,2.756,1.573,1.443,1.62,4.393,1.544,1.725,2.279,1.736
93.5,1.543,4.267,1.831,2.642,1.692,1.784,2.552,1.534,1.341,1.597,4.591,1.9,1.672,1.926,1.699
93.6,1.59,4.017,1.786,3.033,1.647,1.857,2.591,1.808,1.709,1.908,4.425,1.819,1.712,2.094,1.72
93.7,1.539,4.415,1.606,2.536,1.891,1.809,2.623,1.771,1.532,1.587,3.896,1.67,1.747,2.188,1.461
93.8,1.648,3.9,1.881,2.94,1.636,1.898,3.105,1.33,1.704,1.574,4.196,1.723,1.785,2.417,1.733
93.9,1.509,4.167,1.653,2.567,2.213,1.963,2.973,1.611,1.492,1.755,4.122,1.59,1.723,2.294,1.83
94,1.517,4.28,2.015,2.701,1.916,1.804,2.758,1.705,1.428,1.942,4.297,1.668,1.583,2.228,1.833
94.1,2.054,3.989,2.04,2.426,1.919,1.927,2.597,1.765,1.483,1.78,4.24,1.634,1.593,2.27,1.627
94.2,1.516,3.717,2.031,2.68,1.618,1.685,3.209,1.733,1.668,1.715,4.51,1.608,1.873,1.889,1.806
94.3,1.801,3.723,1.728,2.572,2.174,1.551,2.874,1.548,1.689,1.825,4.241,1.509,1.746,2.178,2.272
94.4,1.548,4.197,2.017,2.279,1.696,1.706,3.02,1.584,1.712,1.716,4.697,1.623,1.621,2.151,1.969
94.5,1.988,3.985,1.713,2.423,1.942,1.989,2.787,1.612,1.898,1.766,4.428,1.522,1.649,2,1.983
94.6,1.72,4.126,1.554,2.561,1.699,1.641,2.723,1.844,1.503,1.856,4.074,2.044,1.58,2.47,2.363
94.7,1.601,4.012,1.585,2.656,1.612,1.704,2.9,1.494,1.576,2.038,3.898,1.919,1.712,2.174,2.349
94.8,1.768,3.777,1.587,2.285,1.602,2.035,2.76,1.515,1.767,1.738,3.633,2.15,1.525,2.078,2.402
94.9,1.726,4.504,1.701,2.278,1.847,1.768,2.414,1.506,1.86,1.727,3.966,1.656,1.688,2.456,1.704
95,1.876,4.202,1.402,2.242,1.565,1.469,2.729,1.65,1.409,1.741,3.978,1.813,1.711,2.131,2.098
95.1,1.555,4.139,1.427,2.331,1.633,1.671,2.735,1.661,1.743,1.833,3.947,1.53,1.669,2.087,2.322
95.2,1.523,3.776,1.88,2.334,1.557,1.559,2.707,1.74,1.556,1.873,4.14,1.712,1.337,1.869,2.285
95.3,1.531,3.172,2.062,2.664,1.812,1.826,2.779,2.022,1.79,1.917,4.441,1.663,1.471,2.177,1.619
95.4,1.453,3.682,1.629,2.304,1.985,1.791,3.027,2.022,1.834,2.046,4.224,1.398,1.515,2.155,1.984
95.5,1.676,3.445,1.465,2.316,1.786,2.525,2.831,1.836,1.499,2.775,3.764,1.636,1.371,2.101,2.385
95.6,1.734,3.441,1.733,2.57,1.732,2.171,2.603,1.621,1.914,2.151,3.768,1.705,1.454,2.18,2.254
95.7,1.459,4.398,1.826,2.805,1.854,2.247,2.431,1.517,1.684,1.682,3.802,1.741,1.503,1.943,1.936
95.8,1.654,4.375,1.701,2.681,1.73,2.312,2.245,1.476,1.41,1.845,4.155,1.586,1.375,2.24,2.127
95.9,1.674,4.157,1.708,2.586,1.652,2.393,2.589,1.644,1.544,1.746,4.165,1.567,1.655,2.185,2.241
96,1.607,4.068,1.809,2.927,2.055,2.614,2.641,1.897,1.521,1.865,4.488,2.076,1.528,1.948,1.707
96.1,1.589,4.315,1.621,2.486,1.717,2.435,2.544,1.462,1.588,1.783,4.093,1.697,1.626,2.295,1.804
96.2,1.64,4.273,1.949,2.688,1.76,2.707,2.339,1.506,1.463,1.703,4.005,1.542,1.538,1.717,1.961
96.3,1.639,4.29,1.578,2.937,1.668,3.145,2.374,1.591,1.467,1.744,4.271,1.695,1.826,2.196,1.815
96.4,1.715,4.177,1.833,2.86,1.888,3.438,2.263,1.912,1.366,2.119,4.082,2.175,1.493,1.922,1.794
96.5,1.648,4.583,2.145,2.684,1.971,3.009,3,1.831,1.684,1.437,4.485,1.696,1.694,2,2.154
96.6,1.741,4.471,2.024,2.718,1.751,2.716,2.884,1.841,1.591,1.71,4.307,1.357,1.669,1.744,2.087
96.7,1.942,4.625,1.804,2.865,1.616,2.463,2.937,1.534,1.667,1.527,4.012,1.447,1.677,1.758,2.043
96.8,1.641,4.561,1.712,2.659,2.153,2.373,3.494,1.726,1.559,2.11,4.123,1.498,1.942,1.879,1.833
96.9,1.831,4.246,1.509,2.668,1.854,2.268,2.969,1.768,1.82,1.924,4.514,1.927,1.77,2.054,2.101
97,1.784,4.014,1.899,2.844,2.016,1.645,3.122,1.833,1.553,1.978,4.713,1.75,1.732,1.771,1.942
97.1,1.774,4.103,1.52,2.864,2.071,1.794,2.907,1.983,1.561,1.999,5.045,1.831,1.589,1.922,2.027
97.2,1.603,4.273,1.611,3.109,1.983,1.819,2.846,2.246,1.42,1.811,4.262,1.89,1.433,2.153,2.049
97.3,1.771,4.383,1.721,3.105,2.389,1.896,2.901,2.103,1.252,1.761,4.238,1.778,1.592,1.787,2.339
97.4,1.976,4.495,1.713,2.878,1.971,2.001,2.626,2.038,1.743,2.007,4.297,2.174,1.635,2.017,2.211
97.5,1.844,3.913,1.641,2.62,1.797,1.61,3.163,2.141,1.767,1.995,4.095,2.344,1.703,1.922,1.962
97.6,1.63,4.273,1.495,2.883,1.757,1.726,2.698,2.296,1.771,1.908,4.45,1.539,1.575,1.776,1.625
97.7,1.646,4.243,1.721,2.767,2.045,1.852,2.578,2.039,1.655,1.67,4.289,1.835,1.817,2.114,1.666
97.8,1.919,4.209,1.528,3.073,1.76,1.701,2.509,1.759,1.467,1.94,4.151,1.919,1.987,2.196,1.796
97.9,2.033,4.204,1.445,3.178,1.748,2.254,2.664,1.656,1.812,2.271,4.061,1.624,1.862,2.167,1.733
98,1.787,4.201,1.639,2.633,2.038,1.582,2.274,1.521,1.594,2.459,4.258,1.969,2.062,1.989,1.917
98.1,1.906,4.246,1.704,2.842,2.04,2.206,2.43,1.906,1.436,2.209,3.982,1.893,1.897,2.198,1.854
98.2,1.661,4.701,1.818,3.046,2.133,2.136,2.372,1.481,1.793,1.897,3.936,1.699,2.122,2.3,1.966
98.3,1.884,4.456,1.474,3.067,2.333,1.395,2.232,1.856,1.639,1.615,4.646,2.111,1.947,2.451,1.782
98.4,1.548,4.651,1.536,2.642,2.364,1.603,2.285,1.719,1.543,1.947,4.667,1.567,1.669,2.552,1.788
98.5,1.539,4.445,1.518,3.005,2.098,1.455,2.134,1.531,1.723,1.636,4.54,1.629,1.853,2.308,1.771
98.6,1.731,4.557,1.579,2.836,2.143,1.325,2.222,1.868,1.643,2.109,4,1.527,2.065,2.889,2.162
98.7,1.549,4.624,1.369,2.621,2.022,1.857,2.49,2.047,1.469,1.819,4.462,1.689,1.713,2.806,2.339
98.8,1.506,4.571,1.472,2.892,1.958,2.137,2.539,1.84,1.618,1.731,4.333,1.509,1.608,2.338,1.941
98.9,1.551,4.34,1.675,2.837,1.872,2.107,2.337,1.97,1.651,1.789,4.203,1.393,1.881,1.886,2.099
99,1.662,4.554,2.057,3.003,1.922,1.973,2.394,2.015,1.424,1.875,4.206,1.478,1.769,2.077,1.721
99.1,1.48,4.418,1.965,2.9,2.153,1.741,2.292,1.982,1.636,2.092,4.027,1.629,2.153,1.917,2.316
99.2,1.948,4.189,1.589,2.731,2.012,1.475,2.694,1.836,1.829,1.893,4.19,1.427,1.937,1.814,1.767
99.3,1.714,4.157,1.661,2.811,1.759,1.704,2.706,1.73,1.579,1.892,4.113,1.999,2.062,1.991,1.505
99.4,1.564,3.968,1.826,2.705,1.913,1.775,2.206,1.709,1.473,2.151,3.751,1.585,1.711,2.112,1.795
99.5,1.727,3.691,1.589,2.739,2.046,1.421,2.344,1.663,1.483,1.686,3.973,1.537,1.846,1.836,2.355
99.6,1.639,4.277,1.564,2.547,1.844,1.739,1.987,1.679,1.813,1.835,3.812,1.95,1.686,1.878,1.934
99.7,1.559,4.415,1.842,2.78,1.65,1.572,2.252,1.667,1.681,1.792,3.723,2.116,2.161,1.82,1.599
99.8,1.876,4.258,1.789,2.669,1.585,1.495,2.775,1.917,1.623,2.07,3.883,1.71,1.742,1.736,2.029
99.9,1.485,4.444,1.636,2.845,2.01,1.685,2.799,2.2,1.834,1.868,3.8,1.534,1.872,2.054,1.833
100,1.756,4.312,1.745,2.657,2.095,1.713,2.634,1.916,1.918,1.775,3.65,1.558,1.683,1.936,1.784
