250,-0.328118,0.00265245,237.067,-5.75E-05,Control
249.8,-0.317215,0.00242276,237.082,-4.88E-05,Control
249.6,-0.401726,0.00243771,237.095,-4.21E-05,Control
249.4,-0.423249,0.00257373,237.1,-4.99E-05,Control
249.2,-0.533871,0.00318012,237.116,-5.06E-05,Control
249,-0.509253,0.00317065,237.125,-4.89E-05,Control
248.8,-0.563562,0.00290082,237.091,-4.81E-05,Control
248.6,-0.672302,0.00344623,237.102,-4.92E-05,Control
248.4,-0.734265,0.00325142,237.068,-4.84E-05,Control
248.2,-0.74705,0.0035514,237.053,-5.15E-05,Control
248,-0.788142,0.00325054,237.02,-5.35E-05,Control
247.8,-0.782075,0.00319792,237.024,-5.13E-05,Control
247.6,-0.827731,0.00332393,237.039,-5.19E-05,Control
247.4,-0.887039,0.00332811,237.046,-4.64E-05,Control
247.2,-0.902933,0.00341467,237.057,-5.05E-05,Control
247,-0.949037,0.00378948,237.104,-5.25E-05,Control
246.8,-1.03349,0.00407114,237.121,-5.32E-05,Control
246.6,-1.10083,0.00435438,237.165,-5.51E-05,Control
246.4,-1.1351,0.00426889,237.181,-5.84E-05,Control
246.2,-1.23308,0.00472664,237.216,-5.69E-05,Control
246,-1.19488,0.00509005,237.233,-5.30E-05,Control
245.8,-1.22975,0.00518964,237.241,-5.52E-05,Control
245.6,-1.47924,0.00557892,237.257,-5.08E-05,Control
245.4,-1.58475,0.00580715,237.254,-4.85E-05,Control
245.2,-1.57208,0.00556101,237.242,-4.38E-05,Control
245,-1.72421,0.00574125,237.225,-3.10E-05,Control
244.8,-1.80325,0.00545241,237.185,-3.00E-05,Control
244.6,-1.95959,0.00565939,237.182,-2.78E-05,Control
244.4,-2.17433,0.0059931,237.196,-2.76E-05,Control
244.2,-2.36284,0.0058795,237.191,-2.67E-05,Control
244,-2.51351,0.00605839,237.2,-3.07E-05,Control
243.8,-2.66434,0.00644109,237.235,-3.14E-05,Control
243.6,-2.88625,0.00727674,237.285,-2.69E-05,Control
243.4,-3.0463,0.00780999,237.349,-2.23E-05,Control
243.2,-3.17992,0.00887995,237.425,-2.47E-05,Control
243,-3.33287,0.00955195,237.485,-2.25E-05,Control
242.8,-3.50426,0.0101153,237.527,-1.67E-05,Control
242.6,-3.66539,0.0115006,237.6,-1.88E-05,Control
242.4,-3.79821,0.0121977,237.634,-1.41E-05,Control
242.2,-3.9445,0.0129795,237.699,-1.43E-05,Control
242,-4.13141,0.0137942,237.779,-1.75E-05,Control
241.8,-4.325,0.014356,237.807,-2.13E-05,Control
241.6,-4.56677,0.0150662,237.861,-2.23E-05,Control
241.4,-4.72725,0.0154051,237.882,-1.70E-05,Control
241.2,-5.05675,0.0165105,237.963,-1.60E-05,Control
241,-5.30761,0.0169283,238.004,-1.32E-05,Control
240.8,-5.65236,0.017345,238.086,-1.25E-05,Control
240.6,-5.87156,0.0178214,238.155,-1.19E-05,Control
240.4,-6.14963,0.0189647,238.253,-9.62E-06,Control
240.2,-6.43725,0.0195256,238.315,-6.57E-06,Control
240,-6.7456,0.0207184,238.427,-4.32E-06,Control
239.8,-7.0617,0.0219096,238.534,-8.21E-06,Control
239.6,-7.30862,0.0224746,238.602,-3.97E-06,Control
239.4,-7.59623,0.0234793,238.712,3.93E-07,Control
239.2,-7.98565,0.0250425,238.839,7.37E-07,Control
239,-8.4228,0.0262178,238.969,2.86E-06,Control
238.8,-8.83875,0.0271097,239.085,8.23E-06,Control
238.6,-9.25204,0.0286197,239.235,3.89E-06,Control
238.4,-9.63665,0.0297059,239.371,1.02E-05,Control
238.2,-10.1573,0.0310586,239.542,1.38E-05,Control
238,-10.652,0.0327454,239.701,9.79E-06,Control
237.8,-11.1792,0.034286,239.873,1.11E-05,Control
237.6,-11.6317,0.0353168,239.995,1.45E-05,Control
237.4,-12.2068,0.0368928,240.141,2.11E-05,Control
237.2,-12.6666,0.0388849,240.319,2.39E-05,Control
237,-13.1982,0.040692,240.501,2.63E-05,Control
236.8,-13.5828,0.0418456,240.622,3.26E-05,Control
236.6,-14.1186,0.043415,240.781,3.44E-05,Control
236.4,-14.5703,0.0453481,240.97,4.27E-05,Control
236.2,-15.0726,0.0471029,241.159,3.45E-05,Control
236,-15.6493,0.0488794,241.365,4.01E-05,Control
235.8,-16.1231,0.0510544,241.598,2.86E-05,Control
235.6,-16.6436,0.0531451,241.83,3.77E-05,Control
235.4,-17.1791,0.0545462,241.994,3.68E-05,Control
235.2,-17.7622,0.0565855,242.219,4.02E-05,Control
235,-18.303,0.0592719,242.469,4.80E-05,Control
234.8,-18.8568,0.0613258,242.678,4.44E-05,Control
234.6,-19.5877,0.0635925,242.9,5.33E-05,Control
234.4,-20.2277,0.0661572,243.16,6.27E-05,Control
234.2,-20.9114,0.068365,243.389,6.12E-05,Control
234,-21.5944,0.0705002,243.605,6.44E-05,Control
233.8,-22.2318,0.0729196,243.833,7.23E-05,Control
233.6,-23.033,0.0760261,244.106,8.05E-05,Control
233.4,-23.7973,0.0789348,244.383,7.36E-05,Control
233.2,-24.6608,0.0820713,244.675,6.94E-05,Control
233,-25.5524,0.0851581,244.975,6.91E-05,Control
232.8,-26.3661,0.0883447,245.295,7.07E-05,Control
232.6,-27.1022,0.0914604,245.598,7.39E-05,Control
232.4,-28.0571,0.0952149,245.976,7.53E-05,Control
232.2,-28.7006,0.0974298,246.219,6.92E-05,Control
232,-29.2945,0.0999834,246.489,7.07E-05,Control
231.8,-30.0325,0.102475,246.742,8.08E-05,Control
231.6,-30.5717,0.104687,246.958,8.74E-05,Control
231.4,-31.1981,0.108032,247.282,9.32E-05,Control
231.2,-31.8547,0.110986,247.553,9.19E-05,Control
231,-32.7523,0.114577,247.853,8.97E-05,Control
230.8,-33.436,0.117813,248.128,8.85E-05,Control
230.6,-34.2185,0.121077,248.385,8.94E-05,Control
230.4,-35.0316,0.125092,248.685,9.57E-05,Control
230.2,-35.7798,0.128117,248.925,9.15E-05,Control
230,-36.4608,0.131242,249.205,9.30E-05,Control
229.8,-37.1198,0.134958,249.539,8.53E-05,Control
229.6,-37.7898,0.137555,249.81,8.87E-05,Control
229.4,-38.5446,0.141366,250.193,9.19E-05,Control
229.2,-39.3067,0.144787,250.551,8.93E-05,Control
229,-39.989,0.148726,250.949,9.06E-05,Control
228.8,-40.66,0.152795,251.391,8.51E-05,Control
228.6,-41.5719,0.156306,251.798,9.13E-05,Control
228.4,-42.3029,0.160303,252.266,9.88E-05,Control
228.2,-43.0593,0.163651,252.647,9.66E-05,Control
228,-43.7888,0.167774,253.077,9.78E-05,Control
227.8,-44.3872,0.171224,253.466,9.89E-05,Control
227.6,-45.1465,0.175107,253.899,0.000112863,Control
227.4,-45.7453,0.178192,254.282,0.000111575,Control
227.2,-46.404,0.181996,254.679,0.000115945,Control
227,-46.7258,0.185869,255.074,0.000116315,Control
226.8,-47.2296,0.189668,255.452,0.000119665,Control
226.6,-47.7306,0.193452,255.84,0.000123209,Control
226.4,-48.1772,0.197262,256.243,0.000125491,Control
226.2,-48.7349,0.200616,256.581,0.000128541,Control
226,-49.0986,0.20468,256.98,0.000130048,Control
225.8,-49.6749,0.209087,257.425,0.000123309,Control
225.6,-49.9973,0.21289,257.817,0.000123226,Control
225.4,-50.3929,0.21664,258.208,0.000123324,Control
225.2,-50.9087,0.220371,258.597,0.000108661,Control
225,-51.1761,0.224511,259.029,0.000110316,Control
224.8,-51.5798,0.228742,259.451,0.000113599,Control
224.6,-51.756,0.232514,259.811,0.000109188,Control
224.4,-51.9537,0.236479,260.23,0.000104519,Control
224.2,-52.2289,0.240761,260.655,0.000111348,Control
224,-52.4095,0.244973,261.076,0.000119335,Control
223.8,-52.7682,0.249396,261.518,0.000111353,Control
223.6,-52.981,0.253852,261.961,0.00011453,Control
223.4,-53.1674,0.257778,262.352,0.000109373,Control
223.2,-53.3749,0.262053,262.776,0.00011493,Control
223,-53.618,0.266455,263.234,0.000119278,Control
222.8,-53.7608,0.271165,263.724,0.00011933,Control
222.6,-53.9344,0.276611,264.266,0.000124878,Control
222.4,-54.0345,0.282343,264.837,0.000119955,Control
222.2,-54.0085,0.287438,265.35,0.00012261,Control
222,-54.0424,0.292622,265.882,0.000123195,Control
221.8,-54.0478,0.297892,266.434,0.000123284,Control
221.6,-54.0926,0.302731,266.923,0.000115018,Control
221.4,-53.9342,0.307606,267.414,0.000100287,Control
221.2,-53.964,0.313369,267.983,9.79E-05,Control
221,-53.9895,0.319444,268.577,8.96E-05,Control
220.8,-53.9122,0.325367,269.155,8.36E-05,Control
220.6,-53.8963,0.331514,269.76,9.07E-05,Control
220.4,-53.7936,0.337532,270.351,9.09E-05,Control
220.2,-53.732,0.344796,271.036,8.94E-05,Control
220,-53.6192,0.35095,271.645,9.33E-05,Control
219.8,-53.506,0.357461,272.276,0.000108618,Control
219.6,-53.3967,0.363674,272.887,0.000100228,Control
219.4,-53.2706,0.369645,273.489,0.000105888,Control
219.2,-53.1442,0.375402,274.092,0.000107017,Control
219,-53.0639,0.382301,274.777,0.000102557,Control
218.8,-53.0047,0.388359,275.384,9.70E-05,Control
218.6,-52.8393,0.394077,275.979,0.000103634,Control
218.4,-52.7336,0.398971,276.511,0.000110001,Control
218.2,-52.6026,0.405849,277.255,0.000105113,Control
218,-52.4844,0.410919,277.782,0.000103454,Control
217.8,-52.3747,0.41721,278.401,0.000106835,Control
217.6,-52.2434,0.423307,279.012,0.000108163,Control
217.4,-52.1554,0.429348,279.641,0.000109748,Control
217.2,-51.9176,0.434316,280.16,0.000111741,Control
217,-51.8084,0.441036,280.808,0.000105427,Control
216.8,-51.546,0.447388,281.423,9.46E-05,Control
216.6,-51.374,0.454193,282.066,9.03E-05,Control
216.4,-51.3736,0.461072,282.719,9.13E-05,Control
216.2,-51.2549,0.466721,283.295,9.32E-05,Control
216,-51.2174,0.473123,283.953,8.88E-05,Control
215.8,-51.1223,0.478834,284.551,8.28E-05,Control
215.6,-51.0908,0.48591,285.237,7.53E-05,Control
215.4,-51.1115,0.492544,285.931,6.53E-05,Control
215.2,-51.1502,0.498596,286.546,5.56E-05,Control
215,-51.2747,0.505558,287.251,5.00E-05,Control
214.8,-51.2901,0.513213,287.975,4.21E-05,Control
214.6,-51.3177,0.51965,288.62,4.99E-05,Control
214.4,-51.4184,0.526849,289.334,4.57E-05,Control
214.2,-51.4077,0.533177,289.97,4.53E-05,Control
214,-51.4494,0.540526,290.709,3.80E-05,Control
213.8,-51.4021,0.547971,291.453,3.01E-05,Control
213.6,-51.5321,0.554987,292.131,3.68E-05,Control
213.4,-51.6866,0.562486,292.885,3.02E-05,Control
213.2,-51.7532,0.570178,293.667,3.36E-05,Control
213,-51.9014,0.577769,294.459,3.20E-05,Control
212.8,-52.0534,0.585535,295.257,2.82E-05,Control
212.6,-52.3528,0.595003,296.208,2.76E-05,Control
212.4,-52.515,0.603453,297.075,2.38E-05,Control
212.2,-52.8607,0.611906,297.952,3.22E-05,Control
212,-53.2944,0.620455,298.858,3.13E-05,Control
211.8,-53.6903,0.629186,299.793,3.75E-05,Control
211.6,-54.1243,0.63901,300.859,4.25E-05,Control
211.4,-54.4338,0.648222,301.848,3.38E-05,Control
211.2,-54.7289,0.657591,302.852,2.23E-05,Control
211,-55.1981,0.666675,303.84,2.81E-05,Control
210.8,-55.5332,0.675072,304.727,2.75E-05,Control
210.6,-56.3163,0.684836,305.758,1.78E-05,Control
210.4,-56.7525,0.694646,306.812,2.62E-05,Control
210.2,-57.266,0.705787,308.008,2.14E-05,Control
210,-57.6279,0.716005,309.092,1.75E-05,Control
209.8,-58.054,0.726414,310.207,1.48E-05,Control
209.6,-58.6462,0.736899,311.339,5.77E-07,Control
209.4,-58.9142,0.747804,312.52,2.90E-06,Control
209.2,-59.3769,0.759892,313.87,-5.39E-06,Control
209,-59.6875,0.771145,315.148,-1.25E-05,Control
208.8,-59.9108,0.782274,316.416,-1.85E-05,Control
208.6,-60.1392,0.793756,317.735,-2.18E-05,Control
208.4,-60.3035,0.807277,319.267,-1.83E-05,Control
208.2,-60.3923,0.821056,320.854,-1.13E-05,Control
208,-60.4617,0.834902,322.47,-1.26E-05,Control
207.8,-60.3251,0.849094,324.131,-1.16E-05,Control
207.6,-59.6823,0.866642,326.233,-6.42E-06,Control
207.4,-59.2042,0.879646,327.8,-1.63E-05,Control
207.2,-58.5837,0.894551,329.592,-2.78E-05,Control
207,-57.9433,0.907504,331.199,-3.23E-05,Control
206.8,-57.2723,0.919124,332.63,-5.07E-05,Control
206.6,-56.4176,0.930845,334.073,-7.33E-05,Control
206.4,-55.1999,0.944206,335.752,-7.28E-05,Control
206.2,-54.0579,0.959589,337.694,-7.87E-05,Control
206,-52.6794,0.977028,339.907,-9.30E-05,Control
205.8,-50.9984,0.994441,342.158,-0.000108332,Control
205.6,-49.4527,1.00869,344.042,-0.00011369,Control
205.4,-47.9327,1.0232,345.96,-0.000140204,Control
205.2,-46.4985,1.038,347.926,-0.000119425,Control
205,-44.6359,1.05497,350.21,-0.00012078,Control
204.8,-43.0897,1.07046,352.31,-0.000130977,Control
204.6,-41.4205,1.08393,354.175,-0.00014313,Control
204.4,-39.6885,1.09997,356.358,-0.000144334,Control
204.2,-37.8704,1.11632,358.619,-0.000146649,Control
204,-35.8975,1.13099,360.638,-0.000157688,Control
203.8,-33.9199,1.1481,363.012,-0.000149957,Control
203.6,-31.0503,1.16784,365.79,-0.000168122,Control
203.4,-28.2573,1.18799,368.669,-0.000186657,Control
203.2,-25.2868,1.20864,371.66,-0.000218818,Control
203,-22.6372,1.2273,374.391,-0.000238333,Control
202.8,-19.8601,1.24393,376.862,-0.000252849,Control
202.6,-16.8797,1.26335,379.767,-0.00024702,Control
202.4,-13.9327,1.28335,382.764,-0.000259925,Control
202.2,-11.2219,1.30091,385.46,-0.000275795,Control
202,-8.64299,1.32115,388.587,-0.000291964,Control
201.8,-5.6794,1.34208,391.829,-0.00031815,Control
201.6,-1.90404,1.36568,395.589,-0.000339385,Control
201.4,1.45446,1.38795,399.073,-0.00036383,Control
201.2,5.48732,1.41353,403.135,-0.000378266,Control
201,9.62903,1.43939,407.335,-0.000430154,Control
200.8,13.1338,1.46283,411.211,-0.000512013,Control
200.6,17.2246,1.48679,415.207,-0.000554477,Control
200.4,20.8612,1.50841,418.833,-0.000619382,Control
200.2,24.7702,1.53006,422.526,-0.000639774,Control
200,28.4819,1.5556,426.835,-0.000683214,Control
250,-0.267861,0.00300449,237.094,3.96E-05,PDN8
249.8,-0.312833,0.00259196,237.096,4.16E-05,PDN8
249.6,-0.343641,0.0025013,237.1,4.12E-05,PDN8
249.4,-0.378506,0.00260383,237.103,3.40E-05,PDN8
249.2,-0.491911,0.00357752,237.147,3.75E-05,PDN8
249,-0.514435,0.00366425,237.164,3.88E-05,PDN8
248.8,-0.568545,0.00401493,237.178,4.18E-05,PDN8
248.6,-0.69659,0.00409087,237.152,3.53E-05,PDN8
248.4,-0.763095,0.00461595,237.174,3.91E-05,PDN8
248.2,-0.747575,0.00554916,237.209,3.87E-05,PDN8
248,-0.848646,0.005643,237.206,4.55E-05,PDN8
247.8,-0.851143,0.00557815,237.209,4.81E-05,PDN8
247.6,-0.889106,0.00561919,237.218,4.43E-05,PDN8
247.4,-0.894871,0.00579726,237.238,4.96E-05,PDN8
247.2,-0.976714,0.00546348,237.216,4.55E-05,PDN8
247,-1.05996,0.00599003,237.275,4.15E-05,PDN8
246.8,-1.18868,0.00666133,237.323,4.07E-05,PDN8
246.6,-1.2702,0.00665402,237.344,3.41E-05,PDN8
246.4,-1.41156,0.00686847,237.383,3.09E-05,PDN8
246.2,-1.46599,0.00712655,237.403,2.47E-05,PDN8
246,-1.51059,0.00770702,237.437,2.46E-05,PDN8
245.8,-1.61525,0.00768773,237.436,2.30E-05,PDN8
245.6,-1.7792,0.00819029,237.46,2.52E-05,PDN8
245.4,-1.8627,0.00860227,237.472,2.58E-05,PDN8
245.2,-1.95061,0.00828905,237.455,3.08E-05,PDN8
245,-2.05331,0.00857267,237.445,3.78E-05,PDN8
244.8,-2.15368,0.00867837,237.436,4.59E-05,PDN8
244.6,-2.25618,0.00868151,237.417,5.05E-05,PDN8
244.4,-2.57855,0.00899918,237.43,6.11E-05,PDN8
244.2,-2.73353,0.00865027,237.407,6.88E-05,PDN8
244,-2.88476,0.00911463,237.438,6.80E-05,PDN8
243.8,-3.03592,0.00900473,237.434,6.86E-05,PDN8
243.6,-3.27609,0.00931032,237.443,6.78E-05,PDN8
243.4,-3.39498,0.00960554,237.489,6.72E-05,PDN8
243.2,-3.51341,0.0101246,237.522,6.44E-05,PDN8
243,-3.64612,0.0101881,237.535,6.78E-05,PDN8
242.8,-3.75204,0.0108664,237.586,7.09E-05,PDN8
242.6,-3.92262,0.0124909,237.677,6.95E-05,PDN8
242.4,-4.17204,0.0134156,237.729,6.60E-05,PDN8
242.2,-4.37838,0.0137477,237.759,6.02E-05,PDN8
242,-4.65832,0.0144328,237.828,6.51E-05,PDN8
241.8,-4.95673,0.0151018,237.865,6.62E-05,PDN8
241.6,-5.3086,0.0154065,237.887,6.85E-05,PDN8
241.4,-5.56436,0.0163076,237.953,6.90E-05,PDN8
241.2,-5.96628,0.0169543,237.998,6.47E-05,PDN8
241,-6.35245,0.0174147,238.042,6.23E-05,PDN8
240.8,-6.66945,0.0177427,238.117,6.08E-05,PDN8
240.6,-6.87388,0.0183223,238.194,7.10E-05,PDN8
240.4,-7.21259,0.0192687,238.277,7.71E-05,PDN8
240.2,-7.5267,0.0201362,238.363,7.45E-05,PDN8
240,-7.91139,0.0210581,238.453,7.96E-05,PDN8
239.8,-8.27873,0.0223113,238.565,7.83E-05,PDN8
239.6,-8.64967,0.0232822,238.666,8.26E-05,PDN8
239.4,-9.10905,0.0242403,238.771,8.84E-05,PDN8
239.2,-9.69987,0.0255913,238.882,8.90E-05,PDN8
239,-10.2574,0.0267299,239.01,9.15E-05,PDN8
238.8,-10.8123,0.0279678,239.153,9.26E-05,PDN8
238.6,-11.4011,0.0292308,239.283,8.97E-05,PDN8
238.4,-11.8648,0.0304424,239.429,9.60E-05,PDN8
238.2,-12.4088,0.0314766,239.575,9.76E-05,PDN8
238,-12.9735,0.0329803,239.719,9.44E-05,PDN8
237.8,-13.5265,0.0342602,239.871,9.69E-05,PDN8
237.6,-14.0168,0.0355826,240.016,9.86E-05,PDN8
237.4,-14.6952,0.0373706,240.178,0.000100703,PDN8
237.2,-15.2505,0.0392325,240.347,9.97E-05,PDN8
237,-15.8447,0.0408087,240.51,0.000104559,PDN8
236.8,-16.38,0.0424525,240.67,0.000112966,PDN8
236.6,-17.0744,0.0440905,240.834,0.000106205,PDN8
236.4,-17.7439,0.0457993,241.006,0.00010714,PDN8
236.2,-18.4879,0.0477329,241.209,0.000102315,PDN8
236,-19.1441,0.0493639,241.403,0.000106571,PDN8
235.8,-19.8566,0.0513132,241.619,0.000105449,PDN8
235.6,-20.5026,0.0529365,241.813,0.00011148,PDN8
235.4,-21.2528,0.0550759,242.036,0.000112225,PDN8
235.2,-22.08,0.0569408,242.247,0.000113069,PDN8
235,-22.7724,0.0594575,242.484,0.000116532,PDN8
234.8,-23.4471,0.061411,242.685,0.000119035,PDN8
234.6,-24.3091,0.0639145,242.926,0.000126158,PDN8
234.4,-25.191,0.0661122,243.156,0.000138911,PDN8
234.2,-25.9948,0.068305,243.384,0.000138626,PDN8
234,-26.7517,0.070641,243.616,0.000141006,PDN8
233.8,-27.4627,0.073055,243.843,0.000142057,PDN8
233.6,-28.2835,0.0759972,244.104,0.000151819,PDN8
233.4,-29.1427,0.0786978,244.364,0.000151355,PDN8
233.2,-30.1902,0.0821026,244.677,0.000155312,PDN8
233,-31.2214,0.0859076,245.035,0.000160757,PDN8
232.8,-32.223,0.0892231,245.365,0.000162315,PDN8
232.6,-33.1413,0.0923291,245.667,0.000160295,PDN8
232.4,-34.2289,0.0956855,246.014,0.00016841,PDN8
232.2,-35.0421,0.0983672,246.294,0.000163,PDN8
232,-35.8366,0.10088,246.561,0.000159133,PDN8
231.8,-36.65,0.10388,246.855,0.000167825,PDN8
231.6,-37.3484,0.106434,247.099,0.000170624,PDN8
231.4,-38.1133,0.109056,247.365,0.000172364,PDN8
231.2,-38.9458,0.111841,247.622,0.000171705,PDN8
231,-39.9589,0.115738,247.947,0.000167141,PDN8
230.8,-40.7909,0.119012,248.224,0.000173311,PDN8
230.6,-41.7664,0.122335,248.487,0.000165642,PDN8
230.4,-42.8134,0.126343,248.786,0.000172676,PDN8
230.2,-43.7017,0.129749,249.057,0.000177475,PDN8
230,-44.5597,0.132828,249.333,0.000172972,PDN8
229.8,-45.4145,0.136445,249.66,0.000171551,PDN8
229.6,-46.193,0.139574,249.974,0.000171832,PDN8
229.4,-47.072,0.143244,250.346,0.000180724,PDN8
229.2,-47.9797,0.147047,250.735,0.000178694,PDN8
229,-48.8195,0.151178,251.149,0.000187623,PDN8
228.8,-49.6522,0.154977,251.569,0.000194174,PDN8
228.6,-50.5183,0.158687,251.993,0.00019645,PDN8
228.4,-51.4806,0.162729,252.464,0.000191413,PDN8
228.2,-52.3503,0.166346,252.868,0.000193452,PDN8
228,-53.2063,0.170556,253.306,0.000195139,PDN8
227.8,-53.8902,0.174251,253.715,0.000195872,PDN8
227.6,-54.7753,0.178298,254.162,0.000211001,PDN8
227.4,-55.5781,0.181589,254.562,0.000204149,PDN8
227.2,-56.2961,0.185413,254.961,0.000206242,PDN8
227,-56.9247,0.189317,255.359,0.000204798,PDN8
226.8,-57.484,0.192944,255.723,0.000211961,PDN8
226.6,-58.0714,0.196879,256.124,0.000220322,PDN8
226.4,-58.6098,0.200815,256.538,0.000226211,PDN8
226.2,-59.2367,0.204024,256.864,0.000222159,PDN8
226,-59.7506,0.20807,257.261,0.000215947,PDN8
225.8,-60.283,0.212536,257.712,0.000218074,PDN8
225.6,-60.782,0.216578,258.125,0.000209212,PDN8
225.4,-61.2507,0.220476,258.528,0.000209286,PDN8
225.2,-61.7512,0.224378,258.932,0.000203596,PDN8
225,-62.2296,0.228232,259.34,0.000200604,PDN8
224.8,-62.7381,0.232272,259.747,0.000200888,PDN8
224.6,-62.9947,0.236263,260.126,0.000189578,PDN8
224.4,-63.4064,0.240163,260.54,0.000195183,PDN8
224.2,-63.8312,0.244397,260.961,0.000202697,PDN8
224,-64.1814,0.248746,261.394,0.000208342,PDN8
223.8,-64.56,0.25295,261.818,0.000206944,PDN8
223.6,-64.7483,0.257331,262.255,0.000208375,PDN8
223.4,-65.0826,0.261234,262.644,0.000211685,PDN8
223.2,-65.3206,0.265801,263.094,0.000210581,PDN8
223,-65.4341,0.270262,263.558,0.00021839,PDN8
222.8,-65.6711,0.274931,264.044,0.000222468,PDN8
222.6,-65.8292,0.280528,264.599,0.000220805,PDN8
222.4,-65.9055,0.286127,265.159,0.000214782,PDN8
222.2,-65.9939,0.291186,265.67,0.000211361,PDN8
222,-66.16,0.296363,266.202,0.000203719,PDN8
221.8,-66.1965,0.301489,266.742,0.000204219,PDN8
221.6,-66.2076,0.306149,267.217,0.000203356,PDN8
221.4,-66.2701,0.310934,267.7,0.000193623,PDN8
221.2,-66.3752,0.316616,268.262,0.000186596,PDN8
221,-66.552,0.322348,268.828,0.000180809,PDN8
220.8,-66.5404,0.32823,269.402,0.00017593,PDN8
220.6,-66.6047,0.33388,269.965,0.000191899,PDN8
220.4,-66.5029,0.339598,270.53,0.000186647,PDN8
220.2,-66.5252,0.346385,271.174,0.000181453,PDN8
220,-66.4349,0.352261,271.759,0.000183543,PDN8
219.8,-66.3159,0.358288,272.348,0.000183902,PDN8
219.6,-66.2579,0.364171,272.93,0.00018475,PDN8
219.4,-66.0517,0.36998,273.518,0.000190433,PDN8
219.2,-65.8794,0.375567,274.106,0.000183888,PDN8
219,-65.7912,0.382208,274.768,0.000176305,PDN8
218.8,-65.7385,0.38831,275.379,0.000176311,PDN8
218.6,-65.5814,0.393903,275.964,0.000176892,PDN8
218.4,-65.4454,0.398857,276.501,0.000176773,PDN8
218.2,-65.4039,0.405791,277.25,0.000173823,PDN8
218,-65.3149,0.410912,277.781,0.000171409,PDN8
217.8,-65.195,0.417077,278.39,0.000175072,PDN8
217.6,-65.1422,0.423361,279.017,0.000171683,PDN8
217.4,-64.8917,0.429205,279.628,0.000178562,PDN8
217.2,-64.817,0.434522,280.179,0.000189166,PDN8
217,-64.7705,0.440989,280.804,0.000185329,PDN8
216.8,-64.7274,0.447593,281.442,0.000181699,PDN8
216.6,-64.5887,0.454509,282.095,0.000165343,PDN8
216.4,-64.5723,0.461475,282.756,0.000169996,PDN8
216.2,-64.4956,0.467358,283.352,0.000163019,PDN8
216,-64.5469,0.473794,284.014,0.000169735,PDN8
215.8,-64.4892,0.479495,284.61,0.000162054,PDN8
215.6,-64.5468,0.486876,285.325,0.000150944,PDN8
215.4,-64.4463,0.493566,286.024,0.000134952,PDN8
215.2,-64.3719,0.499813,286.657,0.000137651,PDN8
215,-64.4026,0.506951,287.378,0.000131196,PDN8
214.8,-64.3853,0.514858,288.125,0.000135352,PDN8
214.6,-64.4024,0.521108,288.753,0.000135507,PDN8
214.4,-64.5774,0.528698,289.504,0.000128623,PDN8
214.2,-64.5509,0.53561,290.194,0.000129147,PDN8
214,-64.808,0.543403,290.974,0.000123158,PDN8
213.8,-64.7662,0.551253,291.756,0.000118021,PDN8
213.6,-64.9236,0.558655,292.471,0.00011641,PDN8
213.4,-65.1191,0.566714,293.277,0.000107115,PDN8
213.2,-65.2633,0.57517,294.131,0.000105135,PDN8
213,-65.4605,0.583494,294.993,0.000106881,PDN8
212.8,-65.6166,0.592404,295.898,0.000109241,PDN8
212.6,-65.8782,0.602588,296.918,0.000117534,PDN8
212.4,-66.1759,0.611758,297.855,0.000100849,PDN8
212.2,-66.5858,0.621126,298.819,0.00010878,PDN8
212,-66.9794,0.630727,299.828,0.000108865,PDN8
211.8,-67.3977,0.640406,300.855,0.00011957,PDN8
211.6,-67.9941,0.651246,302.02,0.000116573,PDN8
211.4,-68.5906,0.661162,303.079,0.000115027,PDN8
211.2,-69.2443,0.671103,304.142,0.000110037,PDN8
211,-69.9514,0.681282,305.238,0.000102094,PDN8
210.8,-70.3594,0.690484,306.206,0.000101073,PDN8
210.6,-70.996,0.70121,307.334,9.51E-05,PDN8
210.4,-71.705,0.711898,308.477,0.000102397,PDN8
210.2,-72.6158,0.724272,309.799,0.000105219,PDN8
210,-73.1624,0.73576,311.012,0.000103264,PDN8
209.8,-73.7719,0.74736,312.249,9.97E-05,PDN8
209.6,-74.3362,0.759442,313.544,8.90E-05,PDN8
209.4,-74.7054,0.771747,314.869,9.84E-05,PDN8
209.2,-75.401,0.785614,316.403,9.70E-05,PDN8
209,-75.8717,0.798147,317.817,0.000111282,PDN8
208.8,-76.1271,0.811011,319.267,8.67E-05,PDN8
208.6,-76.4168,0.824248,320.771,8.23E-05,PDN8
208.4,-76.6227,0.839605,322.499,7.99E-05,PDN8
208.2,-76.6682,0.855154,324.278,7.44E-05,PDN8
208,-76.6344,0.870954,326.107,7.47E-05,PDN8
207.8,-76.217,0.887013,327.973,5.60E-05,PDN8
207.6,-75.855,0.907009,330.347,4.08E-05,PDN8
207.4,-75.2984,0.921691,332.104,3.84E-05,PDN8
207.2,-74.547,0.938483,334.11,2.48E-05,PDN8
207,-73.4989,0.953596,335.96,6.36E-06,PDN8
206.8,-72.599,0.966732,337.566,-1.26E-06,PDN8
206.6,-71.6259,0.979852,339.173,-4.85E-06,PDN8
206.4,-70.4231,0.995002,341.063,-8.14E-06,PDN8
206.2,-69.0303,1.01227,343.229,-2.05E-05,PDN8
206,-67.021,1.03184,345.699,-2.95E-05,PDN8
205.8,-65.0127,1.05162,348.236,-6.37E-05,PDN8
205.6,-63.0424,1.06779,350.353,-6.78E-05,PDN8
205.4,-61.0878,1.08407,352.493,-9.47E-05,PDN8
205.2,-59.181,1.10102,354.724,-0.000100452,PDN8
205,-56.8281,1.12098,357.372,-0.000122414,PDN8
204.8,-54.5052,1.139,359.786,-0.000126384,PDN8
204.6,-52.6922,1.15496,361.961,-0.000119644,PDN8
204.4,-49.9686,1.17395,364.511,-0.000141107,PDN8
204.2,-47.0967,1.19327,367.148,-0.00014162,PDN8
204,-44.6755,1.2108,369.529,-0.000161659,PDN8
203.8,-41.9304,1.23121,372.326,-0.000179167,PDN8
203.6,-38.7168,1.25481,375.604,-0.000208551,PDN8
203.4,-35.0445,1.27893,379.002,-0.000223264,PDN8
203.2,-31.1268,1.30375,382.547,-0.000235402,PDN8
203,-27.5873,1.32643,385.814,-0.000290858,PDN8
202.8,-24.6246,1.34651,388.752,-0.00031321,PDN8
202.6,-21.1783,1.37015,392.232,-0.000317153,PDN8
202.4,-17.489,1.39463,395.847,-0.000360584,PDN8
202.2,-13.8913,1.41621,399.102,-0.000387768,PDN8
202,-10.2445,1.44141,402.921,-0.000436586,PDN8
201.8,-6.3615,1.46751,406.895,-0.000493266,PDN8
201.6,-1.64688,1.49726,411.533,-0.000567098,PDN8
201.4,2.48299,1.52511,415.827,-0.000616779,PDN8
201.2,6.86738,1.55742,420.877,-0.000697518,PDN8
201,11.7592,1.59046,426.142,-0.000758242,PDN8
200.8,15.8713,1.62024,430.979,-0.000817224,PDN8
200.6,20.4635,1.65091,436.004,-0.000914508,PDN8
200.4,24.9194,1.67837,440.543,-0.00100492,PDN8
200.2,29.3732,1.70608,445.193,-0.00109914,PDN8
200,34.2185,1.73886,450.658,-0.0011857,PDN8
