Wavelength (nm),CD (mdeg),1,2,3,Label
250,-0.328118,0.00265245,237.067,-5.75E-05,Control
249.8,-0.317215,0.00242276,237.082,-4.88E-05,Control
249.6,-0.401726,0.00243771,237.095,-4.21E-05,Control
249.4,-0.423249,0.00257373,237.1,-4.99E-05,Control
249.2,-0.533871,0.00318012,237.116,-5.06E-05,Control
249,-0.509253,0.00317065,237.125,-4.89E-05,Control
248.8,-0.563562,0.00290082,237.091,-4.81E-05,Control
248.6,-0.672302,0.00344623,237.102,-4.92E-05,Control
248.4,-0.734265,0.00325142,237.068,-4.84E-05,Control
248.2,-0.74705,0.0035514,237.053,-5.15E-05,Control
248,-0.788142,0.00325054,237.02,-5.35E-05,Control
247.8,-0.782075,0.00319792,237.024,-5.13E-05,Control
247.6,-0.827731,0.00332393,237.039,-5.19E-05,Control
247.4,-0.887039,0.00332811,237.046,-4.64E-05,Control
247.2,-0.902933,0.00341467,237.057,-5.05E-05,Control
247,-0.949037,0.00378948,237.104,-5.25E-05,Control
246.8,-1.03349,0.00407114,237.121,-5.32E-05,Control
246.6,-1.10083,0.00435438,237.165,-5.51E-05,Control
246.4,-1.1351,0.00426889,237.181,-5.84E-05,Control
246.2,-1.23308,0.00472664,237.216,-5.69E-05,Control
246,-1.19488,0.00509005,237.233,-5.30E-05,Control
245.8,-1.22975,0.00518964,237.241,-5.52E-05,Control
245.6,-1.47924,0.00557892,237.257,-5.08E-05,Control
245.4,-1.58475,0.00580715,237.254,-4.85E-05,Control
245.2,-1.57208,0.00556101,237.242,-4.38E-05,Control
245,-1.72421,0.00574125,237.225,-3.10E-05,Control
244.8,-1.80325,0.00545241,237.185,-3.00E-05,Control
244.6,-1.95959,0.00565939,237.182,-2.78E-05,Control
244.4,-2.17433,0.0059931,237.196,-2.76E-05,Control
244.2,-2.36284,0.0058795,237.191,-2.67E-05,Control
244,-2.51351,0.00605839,237.2,-3.07E-05,Control
243.8,-2.66434,0.00644109,237.235,-3.14E-05,Control
243.6,-2.88625,0.00727674,237.285,-2.69E-05,Control
243.4,-3.0463,0.00780999,237.349,-2.23E-05,Control
243.2,-3.17992,0.00887995,237.425,-2.47E-05,Control
243,-3.33287,0.00955195,237.485,-2.25E-05,Control
242.8,-3.50426,0.0101153,237.527,-1.67E-05,Control
242.6,-3.66539,0.0115006,237.6,-1.88E-05,Control
242.4,-3.79821,0.0121977,237.634,-1.41E-05,Control
242.2,-3.9445,0.0129795,237.699,-1.43E-05,Control
242,-4.13141,0.0137942,237.779,-1.75E-05,Control
241.8,-4.325,0.014356,237.807,-2.13E-05,Control
241.6,-4.56677,0.0150662,237.861,-2.23E-05,Control
241.4,-4.72725,0.0154051,237.882,-1.70E-05,Control
241.2,-5.05675,0.0165105,237.963,-1.60E-05,Control
241,-5.30761,0.0169283,238.004,-1.32E-05,Control
240.8,-5.65236,0.017345,238.086,-1.25E-05,Control
240.6,-5.87156,0.0178214,238.155,-1.19E-05,Control
240.4,-6.14963,0.0189647,238.253,-9.62E-06,Control
240.2,-6.43725,0.0195256,238.315,-6.57E-06,Control
240,-6.7456,0.0207184,238.427,-4.32E-06,Control
239.8,-7.0617,0.0219096,238.534,-8.21E-06,Control
239.6,-7.30862,0.0224746,238.602,-3.97E-06,Control
239.4,-7.59623,0.0234793,238.712,3.93E-07,Control
239.2,-7.98565,0.0250425,238.839,7.37E-07,Control
239,-8.4228,0.0262178,238.969,2.86E-06,Control
238.8,-8.83875,0.0271097,239.085,8.23E-06,Control
238.6,-9.25204,0.0286197,239.235,3.89E-06,Control
238.4,-9.63665,0.0297059,239.371,1.02E-05,Control
238.2,-10.1573,0.0310586,239.542,1.38E-05,Control
238,-10.652,0.0327454,239.701,9.79E-06,Control
237.8,-11.1792,0.034286,239.873,1.11E-05,Control
237.6,-11.6317,0.0353168,239.995,1.45E-05,Control
237.4,-12.2068,0.0368928,240.141,2.11E-05,Control
237.2,-12.6666,0.0388849,240.319,2.39E-05,Control
237,-13.1982,0.040692,240.501,2.63E-05,Control
236.8,-13.5828,0.0418456,240.622,3.26E-05,Control
236.6,-14.1186,0.043415,240.781,3.44E-05,Control
236.4,-14.5703,0.0453481,240.97,4.27E-05,Control
236.2,-15.0726,0.0471029,241.159,3.45E-05,Control
236,-15.6493,0.0488794,241.365,4.01E-05,Control
235.8,-16.1231,0.0510544,241.598,2.86E-05,Control
235.6,-16.6436,0.0531451,241.83,3.77E-05,Control
235.4,-17.1791,0.0545462,241.994,3.68E-05,Control
235.2,-17.7622,0.0565855,242.219,4.02E-05,Control
235,-18.303,0.0592719,242.469,4.80E-05,Control
234.8,-18.8568,0.0613258,242.678,4.44E-05,Control
234.6,-19.5877,0.0635925,242.9,5.33E-05,Control
234.4,-20.2277,0.0661572,243.16,6.27E-05,Control
234.2,-20.9114,0.068365,243.389,6.12E-05,Control
234,-21.5944,0.0705002,243.605,6.44E-05,Control
233.8,-22.2318,0.0729196,243.833,7.23E-05,Control
233.6,-23.033,0.0760261,244.106,8.05E-05,Control
233.4,-23.7973,0.0789348,244.383,7.36E-05,Control
233.2,-24.6608,0.0820713,244.675,6.94E-05,Control
233,-25.5524,0.0851581,244.975,6.91E-05,Control
232.8,-26.3661,0.0883447,245.295,7.07E-05,Control
232.6,-27.1022,0.0914604,245.598,7.39E-05,Control
232.4,-28.0571,0.0952149,245.976,7.53E-05,Control
232.2,-28.7006,0.0974298,246.219,6.92E-05,Control
232,-29.2945,0.0999834,246.489,7.07E-05,Control
231.8,-30.0325,0.102475,246.742,8.08E-05,Control
231.6,-30.5717,0.104687,246.958,8.74E-05,Control
231.4,-31.1981,0.108032,247.282,9.32E-05,Control
231.2,-31.8547,0.110986,247.553,9.19E-05,Control
231,-32.7523,0.114577,247.853,8.97E-05,Control
230.8,-33.436,0.117813,248.128,8.85E-05,Control
230.6,-34.2185,0.121077,248.385,8.94E-05,Control
230.4,-35.0316,0.125092,248.685,9.57E-05,Control
230.2,-35.7798,0.128117,248.925,9.15E-05,Control
230,-36.4608,0.131242,249.205,9.30E-05,Control
229.8,-37.1198,0.134958,249.539,8.53E-05,Control
229.6,-37.7898,0.137555,249.81,8.87E-05,Control
229.4,-38.5446,0.141366,250.193,9.19E-05,Control
229.2,-39.3067,0.144787,250.551,8.93E-05,Control
229,-39.989,0.148726,250.949,9.06E-05,Control
228.8,-40.66,0.152795,251.391,8.51E-05,Control
228.6,-41.5719,0.156306,251.798,9.13E-05,Control
228.4,-42.3029,0.160303,252.266,9.88E-05,Control
228.2,-43.0593,0.163651,252.647,9.66E-05,Control
228,-43.7888,0.167774,253.077,9.78E-05,Control
227.8,-44.3872,0.171224,253.466,9.89E-05,Control
227.6,-45.1465,0.175107,253.899,0.000112863,Control
227.4,-45.7453,0.178192,254.282,0.000111575,Control
227.2,-46.404,0.181996,254.679,0.000115945,Control
227,-46.7258,0.185869,255.074,0.000116315,Control
226.8,-47.2296,0.189668,255.452,0.000119665,Control
226.6,-47.7306,0.193452,255.84,0.000123209,Control
226.4,-48.1772,0.197262,256.243,0.000125491,Control
226.2,-48.7349,0.200616,256.581,0.000128541,Control
226,-49.0986,0.20468,256.98,0.000130048,Control
225.8,-49.6749,0.209087,257.425,0.000123309,Control
225.6,-49.9973,0.21289,257.817,0.000123226,Control
225.4,-50.3929,0.21664,258.208,0.000123324,Control
225.2,-50.9087,0.220371,258.597,0.000108661,Control
225,-51.1761,0.224511,259.029,0.000110316,Control
224.8,-51.5798,0.228742,259.451,0.000113599,Control
224.6,-51.756,0.232514,259.811,0.000109188,Control
224.4,-51.9537,0.236479,260.23,0.000104519,Control
224.2,-52.2289,0.240761,260.655,0.000111348,Control
224,-52.4095,0.244973,261.076,0.000119335,Control
223.8,-52.7682,0.249396,261.518,0.000111353,Control
223.6,-52.981,0.253852,261.961,0.00011453,Control
223.4,-53.1674,0.257778,262.352,0.000109373,Control
223.2,-53.3749,0.262053,262.776,0.00011493,Control
223,-53.618,0.266455,263.234,0.000119278,Control
222.8,-53.7608,0.271165,263.724,0.00011933,Control
222.6,-53.9344,0.276611,264.266,0.000124878,Control
222.4,-54.0345,0.282343,264.837,0.000119955,Control
222.2,-54.0085,0.287438,265.35,0.00012261,Control
222,-54.0424,0.292622,265.882,0.000123195,Control
221.8,-54.0478,0.297892,266.434,0.000123284,Control
221.6,-54.0926,0.302731,266.923,0.000115018,Control
221.4,-53.9342,0.307606,267.414,0.000100287,Control
221.2,-53.964,0.313369,267.983,9.79E-05,Control
221,-53.9895,0.319444,268.577,8.96E-05,Control
220.8,-53.9122,0.325367,269.155,8.36E-05,Control
220.6,-53.8963,0.331514,269.76,9.07E-05,Control
220.4,-53.7936,0.337532,270.351,9.09E-05,Control
220.2,-53.732,0.344796,271.036,8.94E-05,Control
220,-53.6192,0.35095,271.645,9.33E-05,Control
219.8,-53.506,0.357461,272.276,0.000108618,Control
219.6,-53.3967,0.363674,272.887,0.000100228,Control
219.4,-53.2706,0.369645,273.489,0.000105888,Control
219.2,-53.1442,0.375402,274.092,0.000107017,Control
219,-53.0639,0.382301,274.777,0.000102557,Control
218.8,-53.0047,0.388359,275.384,9.70E-05,Control
218.6,-52.8393,0.394077,275.979,0.000103634,Control
218.4,-52.7336,0.398971,276.511,0.000110001,Control
218.2,-52.6026,0.405849,277.255,0.000105113,Control
218,-52.4844,0.410919,277.782,0.000103454,Control
217.8,-52.3747,0.41721,278.401,0.000106835,Control
217.6,-52.2434,0.423307,279.012,0.000108163,Control
217.4,-52.1554,0.429348,279.641,0.000109748,Control
217.2,-51.9176,0.434316,280.16,0.000111741,Control
217,-51.8084,0.441036,280.808,0.000105427,Control
216.8,-51.546,0.447388,281.423,9.46E-05,Control
216.6,-51.374,0.454193,282.066,9.03E-05,Control
216.4,-51.3736,0.461072,282.719,9.13E-05,Control
216.2,-51.2549,0.466721,283.295,9.32E-05,Control
216,-51.2174,0.473123,283.953,8.88E-05,Control
215.8,-51.1223,0.478834,284.551,8.28E-05,Control
215.6,-51.0908,0.48591,285.237,7.53E-05,Control
215.4,-51.1115,0.492544,285.931,6.53E-05,Control
215.2,-51.1502,0.498596,286.546,5.56E-05,Control
215,-51.2747,0.505558,287.251,5.00E-05,Control
214.8,-51.2901,0.513213,287.975,4.21E-05,Control
214.6,-51.3177,0.51965,288.62,4.99E-05,Control
214.4,-51.4184,0.526849,289.334,4.57E-05,Control
214.2,-51.4077,0.533177,289.97,4.53E-05,Control
214,-51.4494,0.540526,290.709,3.80E-05,Control
213.8,-51.4021,0.547971,291.453,3.01E-05,Control
213.6,-51.5321,0.554987,292.131,3.68E-05,Control
213.4,-51.6866,0.562486,292.885,3.02E-05,Control
213.2,-51.7532,0.570178,293.667,3.36E-05,Control
213,-51.9014,0.577769,294.459,3.20E-05,Control
212.8,-52.0534,0.585535,295.257,2.82E-05,Control
212.6,-52.3528,0.595003,296.208,2.76E-05,Control
212.4,-52.515,0.603453,297.075,2.38E-05,Control
212.2,-52.8607,0.611906,297.952,3.22E-05,Control
212,-53.2944,0.620455,298.858,3.13E-05,Control
211.8,-53.6903,0.629186,299.793,3.75E-05,Control
211.6,-54.1243,0.63901,300.859,4.25E-05,Control
211.4,-54.4338,0.648222,301.848,3.38E-05,Control
211.2,-54.7289,0.657591,302.852,2.23E-05,Control
211,-55.1981,0.666675,303.84,2.81E-05,Control
210.8,-55.5332,0.675072,304.727,2.75E-05,Control
210.6,-56.3163,0.684836,305.758,1.78E-05,Control
210.4,-56.7525,0.694646,306.812,2.62E-05,Control
210.2,-57.266,0.705787,308.008,2.14E-05,Control
210,-57.6279,0.716005,309.092,1.75E-05,Control
209.8,-58.054,0.726414,310.207,1.48E-05,Control
209.6,-58.6462,0.736899,311.339,5.77E-07,Control
209.4,-58.9142,0.747804,312.52,2.90E-06,Control
209.2,-59.3769,0.759892,313.87,-5.39E-06,Control
209,-59.6875,0.771145,315.148,-1.25E-05,Control
208.8,-59.9108,0.782274,316.416,-1.85E-05,Control
208.6,-60.1392,0.793756,317.735,-2.18E-05,Control
208.4,-60.3035,0.807277,319.267,-1.83E-05,Control
208.2,-60.3923,0.821056,320.854,-1.13E-05,Control
208,-60.4617,0.834902,322.47,-1.26E-05,Control
207.8,-60.3251,0.849094,324.131,-1.16E-05,Control
207.6,-59.6823,0.866642,326.233,-6.42E-06,Control
207.4,-59.2042,0.879646,327.8,-1.63E-05,Control
207.2,-58.5837,0.894551,329.592,-2.78E-05,Control
207,-57.9433,0.907504,331.199,-3.23E-05,Control
206.8,-57.2723,0.919124,332.63,-5.07E-05,Control
206.6,-56.4176,0.930845,334.073,-7.33E-05,Control
206.4,-55.1999,0.944206,335.752,-7.28E-05,Control
206.2,-54.0579,0.959589,337.694,-7.87E-05,Control
206,-52.6794,0.977028,339.907,-9.30E-05,Control
205.8,-50.9984,0.994441,342.158,-0.000108332,Control
205.6,-49.4527,1.00869,344.042,-0.00011369,Control
205.4,-47.9327,1.0232,345.96,-0.000140204,Control
205.2,-46.4985,1.038,347.926,-0.000119425,Control
205,-44.6359,1.05497,350.21,-0.00012078,Control
204.8,-43.0897,1.07046,352.31,-0.000130977,Control
204.6,-41.4205,1.08393,354.175,-0.00014313,Control
204.4,-39.6885,1.09997,356.358,-0.000144334,Control
204.2,-37.8704,1.11632,358.619,-0.000146649,Control
204,-35.8975,1.13099,360.638,-0.000157688,Control
203.8,-33.9199,1.1481,363.012,-0.000149957,Control
203.6,-31.0503,1.16784,365.79,-0.000168122,Control
203.4,-28.2573,1.18799,368.669,-0.000186657,Control
203.2,-25.2868,1.20864,371.66,-0.000218818,Control
203,-22.6372,1.2273,374.391,-0.000238333,Control
202.8,-19.8601,1.24393,376.862,-0.000252849,Control
202.6,-16.8797,1.26335,379.767,-0.00024702,Control
202.4,-13.9327,1.28335,382.764,-0.000259925,Control
202.2,-11.2219,1.30091,385.46,-0.000275795,Control
202,-8.64299,1.32115,388.587,-0.000291964,Control
201.8,-5.6794,1.34208,391.829,-0.00031815,Control
201.6,-1.90404,1.36568,395.589,-0.000339385,Control
201.4,1.45446,1.38795,399.073,-0.00036383,Control
201.2,5.48732,1.41353,403.135,-0.000378266,Control
201,9.62903,1.43939,407.335,-0.000430154,Control
200.8,13.1338,1.46283,411.211,-0.000512013,Control
200.6,17.2246,1.48679,415.207,-0.000554477,Control
200.4,20.8612,1.50841,418.833,-0.000619382,Control
200.2,24.7702,1.53006,422.526,-0.000639774,Control
200,28.4819,1.5556,426.835,-0.000683214,Control
250,-0.263275,0.00237108,237.045,3.78E-05,PDN15
249.8,-0.257207,0.00227115,237.071,4.16E-05,PDN15
249.6,-0.2627,0.0021081,237.069,4.07E-05,PDN15
249.4,-0.246241,0.00239574,237.087,2.30E-05,PDN15
249.2,-0.273861,0.00275288,237.083,2.21E-05,PDN15
249,-0.310158,0.00233431,237.06,2.46E-05,PDN15
248.8,-0.367931,0.00230744,237.045,2.94E-05,PDN15
248.6,-0.50469,0.0026226,237.038,2.96E-05,PDN15
248.4,-0.675974,0.00290786,237.041,2.93E-05,PDN15
248.2,-0.724181,0.00322657,237.028,2.36E-05,PDN15
248,-0.812876,0.00372529,237.057,3.17E-05,PDN15
247.8,-0.865349,0.00405282,237.09,3.32E-05,PDN15
247.6,-0.935297,0.00422023,237.109,4.15E-05,PDN15
247.4,-0.991301,0.00440237,237.13,4.89E-05,PDN15
247.2,-1.08338,0.00471028,237.157,5.00E-05,PDN15
247,-1.16536,0.00479059,237.181,4.99E-05,PDN15
246.8,-1.26875,0.00495981,237.19,4.31E-05,PDN15
246.6,-1.28551,0.00498667,237.214,4.31E-05,PDN15
246.4,-1.307,0.00480581,237.223,4.12E-05,PDN15
246.2,-1.4171,0.00499536,237.237,4.37E-05,PDN15
246,-1.40301,0.00524185,237.245,4.32E-05,PDN15
245.8,-1.4605,0.00535903,237.255,3.69E-05,PDN15
245.6,-1.65489,0.00572192,237.268,3.47E-05,PDN15
245.4,-1.7255,0.00603158,237.272,3.59E-05,PDN15
245.2,-1.84261,0.00594291,237.272,3.80E-05,PDN15
245,-1.94317,0.00637001,237.274,5.04E-05,PDN15
244.8,-2.10679,0.00660446,237.275,5.77E-05,PDN15
244.6,-2.19819,0.00688522,237.277,5.64E-05,PDN15
244.4,-2.42992,0.00710538,237.283,5.80E-05,PDN15
244.2,-2.58049,0.0071189,237.288,6.28E-05,PDN15
244,-2.74724,0.00743563,237.307,5.98E-05,PDN15
243.8,-2.87018,0.00774923,237.337,5.84E-05,PDN15
243.6,-3.08537,0.0083935,237.371,5.66E-05,PDN15
243.4,-3.21535,0.00847846,237.401,5.67E-05,PDN15
243.2,-3.30248,0.00913628,237.445,4.42E-05,PDN15
243,-3.50393,0.009692,237.496,4.83E-05,PDN15
242.8,-3.68555,0.0103639,237.547,5.08E-05,PDN15
242.6,-3.83591,0.0113107,237.585,4.61E-05,PDN15
242.4,-3.99643,0.0122331,237.636,5.33E-05,PDN15
242.2,-4.24928,0.012688,237.676,4.74E-05,PDN15
242,-4.46394,0.0132552,237.737,4.72E-05,PDN15
241.8,-4.73632,0.0139629,237.777,4.32E-05,PDN15
241.6,-5.01915,0.0147284,237.834,5.03E-05,PDN15
241.4,-5.27117,0.015338,237.877,5.50E-05,PDN15
241.2,-5.55631,0.0160191,237.925,5.79E-05,PDN15
241,-5.87819,0.0167302,237.989,6.90E-05,PDN15
240.8,-6.24491,0.0170722,238.065,6.56E-05,PDN15
240.6,-6.49452,0.0176987,238.145,7.58E-05,PDN15
240.4,-6.81798,0.018533,238.22,7.96E-05,PDN15
240.2,-7.08584,0.0192859,238.296,8.67E-05,PDN15
240,-7.53023,0.020554,238.414,9.19E-05,PDN15
239.8,-7.90173,0.0216291,238.512,8.71E-05,PDN15
239.6,-8.24092,0.0224882,238.604,9.17E-05,PDN15
239.4,-8.68993,0.023625,238.723,9.19E-05,PDN15
239.2,-9.24209,0.025352,238.864,9.29E-05,PDN15
239,-9.71965,0.0268721,239.021,9.47E-05,PDN15
238.8,-10.2441,0.0283601,239.183,0.000100879,PDN15
238.6,-10.7691,0.0299272,239.338,9.47E-05,PDN15
238.4,-11.1247,0.0311916,239.488,9.17E-05,PDN15
238.2,-11.7556,0.0323949,239.647,9.62E-05,PDN15
238,-12.1541,0.0340595,239.804,9.28E-05,PDN15
237.8,-12.6392,0.0355817,239.975,9.64E-05,PDN15
237.6,-13.0294,0.0369369,240.122,0.000104113,PDN15
237.4,-13.6348,0.0389878,240.306,0.000106499,PDN15
237.2,-14.1325,0.0408465,240.474,0.000102505,PDN15
237,-14.6076,0.0426952,240.658,0.000103245,PDN15
236.8,-15.049,0.044172,240.805,0.000108574,PDN15
236.6,-15.5696,0.0461371,240.995,0.000108291,PDN15
236.4,-16.0754,0.0482052,241.196,0.000111138,PDN15
236.2,-16.7755,0.0504339,241.422,0.000110308,PDN15
236,-17.4445,0.0520846,241.618,0.000113925,PDN15
235.8,-18.0728,0.0539115,241.824,0.000110161,PDN15
235.6,-18.6803,0.0558096,242.04,0.000121395,PDN15
235.4,-19.363,0.0579087,242.26,0.000126491,PDN15
235.2,-20.1344,0.0598552,242.478,0.000127228,PDN15
235,-20.8447,0.0624015,242.717,0.000133404,PDN15
234.8,-21.4769,0.0645363,242.933,0.000136536,PDN15
234.6,-22.3728,0.0670664,243.176,0.000137168,PDN15
234.4,-23.1258,0.0694103,243.418,0.000144706,PDN15
234.2,-23.8327,0.0719167,243.671,0.000143404,PDN15
234,-24.5854,0.0748366,243.95,0.000143398,PDN15
233.8,-25.3138,0.0775424,244.201,0.000146101,PDN15
233.6,-26.1204,0.0806047,244.471,0.000157686,PDN15
233.4,-26.902,0.0835437,244.751,0.00015963,PDN15
233.2,-27.9008,0.086955,245.065,0.000166153,PDN15
233,-28.9069,0.0906228,245.412,0.000175716,PDN15
232.8,-29.8391,0.0942057,245.764,0.000184359,PDN15
232.6,-30.7547,0.0975547,246.086,0.000180655,PDN15
232.4,-31.7993,0.100638,246.411,0.000181781,PDN15
232.2,-32.5442,0.103412,246.699,0.000175818,PDN15
232,-33.3073,0.106099,246.981,0.000165853,PDN15
231.8,-34.1576,0.108836,247.254,0.000164945,PDN15
231.6,-34.7571,0.111308,247.491,0.000165676,PDN15
231.4,-35.4346,0.114147,247.775,0.000168692,PDN15
231.2,-36.1319,0.11718,248.052,0.000166774,PDN15
231,-37.151,0.121235,248.391,0.000159653,PDN15
230.8,-37.9693,0.124521,248.67,0.000160872,PDN15
230.6,-38.852,0.127874,248.935,0.00015994,PDN15
230.4,-39.7869,0.131843,249.232,0.000163795,PDN15
230.2,-40.6434,0.135487,249.523,0.000177909,PDN15
230,-41.459,0.139064,249.84,0.000181936,PDN15
229.8,-42.3121,0.142778,250.174,0.000179416,PDN15
229.6,-43.0248,0.145883,250.487,0.00018046,PDN15
229.4,-43.8291,0.149774,250.877,0.000186318,PDN15
229.2,-44.6457,0.153388,251.252,0.000192808,PDN15
229,-45.4855,0.157475,251.663,0.00019207,PDN15
228.8,-46.1942,0.161454,252.099,0.000192826,PDN15
228.6,-46.9851,0.165136,252.521,0.000201464,PDN15
228.4,-47.7348,0.169223,252.997,0.000197401,PDN15
228.2,-48.545,0.173022,253.416,0.000193942,PDN15
228,-49.4563,0.177385,253.867,0.000191788,PDN15
227.8,-50.1607,0.18089,254.262,0.00018916,PDN15
227.6,-51.0726,0.185062,254.719,0.000194202,PDN15
227.4,-51.7761,0.188475,255.13,0.000193231,PDN15
227.2,-52.4887,0.192406,255.539,0.000193298,PDN15
227,-53.1098,0.196513,255.955,0.000186805,PDN15
226.8,-53.7537,0.20017,256.322,0.000189387,PDN15
226.6,-54.2413,0.204066,256.72,0.000191381,PDN15
226.4,-54.7412,0.207879,257.125,0.000192308,PDN15
226.2,-55.23,0.211451,257.482,0.000193187,PDN15
226,-55.6832,0.215746,257.901,0.000196745,PDN15
225.8,-56.1024,0.220392,258.367,0.000190509,PDN15
225.6,-56.5947,0.224786,258.81,0.000187826,PDN15
225.4,-57.0707,0.229019,259.242,0.00018641,PDN15
225.2,-57.5358,0.233142,259.666,0.000178995,PDN15
225,-57.9213,0.237293,260.1,0.000178216,PDN15
224.8,-58.3385,0.241883,260.554,0.000181562,PDN15
224.6,-58.6723,0.245905,260.937,0.000180914,PDN15
224.4,-59.0249,0.250207,261.386,0.000177258,PDN15
224.2,-59.4032,0.254738,261.833,0.000178345,PDN15
224,-59.6552,0.259283,262.283,0.000184647,PDN15
223.8,-60.053,0.263761,262.732,0.000177179,PDN15
223.6,-60.1379,0.268507,263.201,0.000180342,PDN15
223.4,-60.2724,0.272696,263.616,0.000188121,PDN15
223.2,-60.5254,0.277487,264.086,0.000187216,PDN15
223,-60.6994,0.282181,264.571,0.000188934,PDN15
222.8,-60.8271,0.286915,265.064,0.000189546,PDN15
222.6,-60.9484,0.292905,265.655,0.000191941,PDN15
222.4,-61.0431,0.299145,266.272,0.000192801,PDN15
222.2,-60.9549,0.304692,266.826,0.000187217,PDN15
222,-61.005,0.310328,267.399,0.000179086,PDN15
221.8,-61.0494,0.31597,267.986,0.000173788,PDN15
221.6,-61.122,0.321136,268.506,0.000162949,PDN15
221.4,-61.0823,0.326496,269.041,0.00015458,PDN15
221.2,-60.9909,0.332811,269.66,0.000151873,PDN15
221,-61.0225,0.339286,270.292,0.000147207,PDN15
220.8,-60.9164,0.345638,270.91,0.00014446,PDN15
220.6,-60.841,0.352072,271.545,0.000155946,PDN15
220.4,-60.8114,0.358536,272.177,0.000155953,PDN15
220.2,-60.7649,0.365961,272.88,0.00015411,PDN15
220,-60.5859,0.372497,273.526,0.000158077,PDN15
219.8,-60.3782,0.379136,274.172,0.00016411,PDN15
219.6,-60.2545,0.385628,274.811,0.000162082,PDN15
219.4,-60.19,0.391965,275.448,0.000164512,PDN15
219.2,-60.0645,0.398024,276.082,0.000152507,PDN15
219,-59.8982,0.405161,276.792,0.000132455,PDN15
218.8,-59.7683,0.411296,277.409,0.000117708,PDN15
218.6,-59.5646,0.417225,278.027,0.000115467,PDN15
218.4,-59.3778,0.422221,278.571,0.000112295,PDN15
218.2,-59.2689,0.429417,279.348,0.000108129,PDN15
218,-59.0196,0.434607,279.889,0.000109068,PDN15
217.8,-58.8332,0.441075,280.528,0.00010401,PDN15
217.6,-58.6754,0.447603,281.181,0.000107189,PDN15
217.4,-58.5023,0.453832,281.831,0.000111966,PDN15
217.2,-58.3864,0.459401,282.408,0.000118686,PDN15
217,-58.2567,0.466242,283.071,0.000124059,PDN15
216.8,-58.1248,0.473222,283.747,0.000122162,PDN15
216.6,-58.0409,0.480571,284.444,0.000118313,PDN15
216.4,-58.055,0.487863,285.139,0.000111912,PDN15
216.2,-58.0163,0.494004,285.763,0.000103386,PDN15
216,-57.8412,0.500895,286.471,0.000100134,PDN15
215.8,-57.7502,0.507084,287.116,9.73E-05,PDN15
215.6,-57.719,0.514419,287.831,8.56E-05,PDN15
215.4,-57.5938,0.52152,288.573,6.71E-05,PDN15
215.2,-57.6347,0.527945,289.227,6.02E-05,PDN15
215,-57.6961,0.535391,289.981,5.27E-05,PDN15
214.8,-57.6711,0.543129,290.719,4.79E-05,PDN15
214.6,-57.7681,0.549643,291.376,4.67E-05,PDN15
214.4,-57.8209,0.557239,292.133,4.28E-05,PDN15
214.2,-57.8675,0.563959,292.811,4.33E-05,PDN15
214,-58.0319,0.571577,293.58,4.47E-05,PDN15
213.8,-57.9493,0.579568,294.381,5.91E-05,PDN15
213.6,-57.9629,0.586692,295.075,5.60E-05,PDN15
213.4,-58.2069,0.594883,295.9,4.62E-05,PDN15
213.2,-58.3243,0.60307,296.735,3.71E-05,PDN15
213,-58.5444,0.61149,297.612,3.89E-05,PDN15
212.8,-58.7009,0.620207,298.506,4.92E-05,PDN15
212.6,-58.9916,0.630396,299.534,4.11E-05,PDN15
212.4,-59.3816,0.639677,300.488,2.92E-05,PDN15
212.2,-59.7494,0.649026,301.458,1.77E-05,PDN15
212,-60.1392,0.658275,302.44,8.36E-06,PDN15
211.8,-60.545,0.667757,303.456,1.40E-05,PDN15
211.6,-60.9748,0.678663,304.636,1.77E-05,PDN15
211.4,-61.6615,0.688506,305.696,9.20E-06,PDN15
211.2,-62.1364,0.69836,306.758,-1.52E-05,PDN15
211,-62.6478,0.708525,307.861,-9.05E-06,PDN15
210.8,-63.068,0.717573,308.82,-1.16E-05,PDN15
210.6,-63.7508,0.728054,309.932,-1.48E-05,PDN15
210.4,-64.2221,0.738703,311.08,-1.63E-05,PDN15
210.2,-64.7817,0.751056,312.409,-1.95E-05,PDN15
210,-65.1933,0.762458,313.622,-1.61E-05,PDN15
209.8,-65.5797,0.774083,314.87,-2.01E-05,PDN15
209.6,-66.0909,0.786034,316.161,-3.92E-05,PDN15
209.4,-66.4679,0.798289,317.49,-4.10E-05,PDN15
209.2,-67.1134,0.812032,319.023,-5.29E-05,PDN15
209,-67.4178,0.824618,320.452,-5.94E-05,PDN15
208.8,-67.9114,0.837406,321.904,-7.06E-05,PDN15
208.6,-68.2833,0.850359,323.39,-5.78E-05,PDN15
208.4,-68.3772,0.865398,325.098,-7.39E-05,PDN15
208.2,-68.2912,0.880728,326.867,-7.06E-05,PDN15
208,-68.3362,0.896244,328.679,-6.31E-05,PDN15
207.8,-67.8984,0.912217,330.549,-6.12E-05,PDN15
207.6,-67.3078,0.931652,332.88,-7.02E-05,PDN15
207.4,-66.537,0.946117,334.625,-6.87E-05,PDN15
207.2,-65.9096,0.962953,336.649,-7.86E-05,PDN15
207,-64.9551,0.977813,338.484,-0.000108075,PDN15
206.8,-64.41,0.990977,340.104,-0.000106829,PDN15
206.6,-63.6134,1.00425,341.736,-0.00012688,PDN15
206.4,-62.1993,1.0193,343.627,-0.000144543,PDN15
206.2,-60.7883,1.03659,345.809,-0.000152984,PDN15
206,-58.999,1.05654,348.336,-0.00014987,PDN15
205.8,-57.2534,1.07668,350.928,-0.00018699,PDN15
205.6,-55.4878,1.09267,353.04,-0.000195821,PDN15
205.4,-53.7691,1.10934,355.236,-0.000212664,PDN15
205.2,-51.6781,1.12659,357.514,-0.000209435,PDN15
205,-49.2365,1.14641,360.164,-0.000213726,PDN15
204.8,-47.4068,1.16483,362.638,-0.000223748,PDN15
204.6,-45.3851,1.18081,364.829,-0.000252044,PDN15
204.4,-43.0461,1.19982,367.399,-0.000257046,PDN15
204.2,-40.4771,1.21915,370.054,-0.000250471,PDN15
204,-38.3064,1.23679,372.463,-0.000265772,PDN15
203.8,-35.4551,1.25729,375.29,-0.000306798,PDN15
203.6,-32.7721,1.28077,378.575,-0.000352729,PDN15
203.4,-29.669,1.30461,381.964,-0.000399115,PDN15
203.2,-26.1421,1.32905,385.488,-0.00042796,PDN15
203,-23.1934,1.35142,388.739,-0.000434961,PDN15
202.8,-20.3962,1.3713,391.673,-0.000477475,PDN15
202.6,-17.3128,1.39427,395.096,-0.000507172,PDN15
202.4,-13.6905,1.41817,398.662,-0.000546887,PDN15
202.2,-10.6766,1.43902,401.848,-0.000576887,PDN15
202,-6.9858,1.46322,405.569,-0.000635852,PDN15
201.8,-3.35441,1.48835,409.444,-0.00066898,PDN15
201.6,0.84811,1.51692,413.961,-0.000714766,PDN15
201.4,4.37653,1.54363,418.134,-0.000762016,PDN15
201.2,9.42865,1.57426,422.996,-0.000800914,PDN15
201,14.2486,1.60565,428.072,-0.000895625,PDN15
200.8,17.9973,1.63372,432.708,-0.000956732,PDN15
200.6,22.1687,1.66275,437.537,-0.00103302,PDN15
200.4,26.1871,1.68867,441.889,-0.00107937,PDN15
200.2,30.1284,1.71481,446.344,-0.00116749,PDN15
200,34.7108,1.74553,451.546,-0.00128692,PDN15
